beta0,gamma,q_rate,q_scale,ve_s,ve_t,ve_l,v_cov_s,v_cov_t,v_cov_l,season_amp,mask_u,vent_u,online_u,club_u,disinfect_u,R_eff
0.36125377186418517,0.12399275533512241,0.10136834663057118,2.3270254729052935,0.28754487503522685,0.2926568566636121,0.38233234213885126,0.07817008938007249,0.4195101014284415,0.23528622872814914,0.1675517826534449,0.03919533632382086,0.8891912428884882,0.6638967878217987,0.1909334693069558,0.8182903608227967,2.409557637426868
0.19783865571786674,0.2209469211810035,0.18403125404732174,2.05134697272146,0.5930774646588839,0.3252316082432114,0.5225607106732417,0.14915204974192497,0.08553549622731046,0.599740900720887,0.16706608723559815,0.05352541157182353,0.3024084294077775,0.5297910376799044,0.10310826689947608,0.47604556025537853,0.8312455111115961
0.3741040348908484,0.24967739186750473,0.19592972039008136,1.3300255206653482,0.36315998070902383,0.20936368697081018,0.5491678678844758,0.5368669774796991,0.07020400886842136,0.06798664771261226,0.3169644241523977,0.7350967020002452,0.8528874730658587,0.33953747348133945,0.11524757156639863,0.7331735745977801,1.374955498108197
0.3492865599441426,0.15411833772162464,0.2938989737908246,1.0266631271414082,0.3726141971602507,0.2246451454535143,0.5177171009255559,0.10067833783978367,0.21717346101432516,0.44129460288509886,0.11972910591734214,0.2823594176805661,0.13637566663580564,0.5044274694269978,0.25403847742327945,0.04878280073005436,1.434975024910014
0.3765855442866064,0.20239354683392208,0.20025961820206434,1.28594121921121,0.4288771435317593,0.4345570212729928,0.47013706307787284,0.22608687109533226,0.4546720585144322,0.502610368608176,0.3265098967588228,0.6115926363560613,0.794969438554194,0.4179031197337389,0.7442486133422082,0.2906142333288894,1.7801060907324358
0.31010921479296444,0.15820502338161385,0.19867027892339173,1.4201885606550757,0.5025922898303721,0.32345414119495114,0.27232868504761965,0.3959465985087765,0.15248116430261766,0.14245113948249527,0.23160102541893196,0.4357363939669289,0.19675272331403826,0.09479445532079195,0.38641816289234626,0.740926861563504,1.4246890924884303
0.29928658125212604,0.28107941272428466,0.10709880981022274,2.551012392833509,0.5884139945228771,0.2953686763861044,0.2638878585018118,0.5984294751287175,0.05211303694192033,0.11756663259141069,0.16433454713520612,0.18651326060755696,0.467578688394885,0.991609012163963,0.36728069238086913,0.05414406931963451,0.9711562424952661
0.20288489769187618,0.13260473574810414,0.2985373469464787,0.8746266075603972,0.5761771780134033,0.3605832710583892,0.28236494990388383,0.07129421136682285,0.4037137214435839,0.17797450752675886,0.2936535066693371,0.013746302030961194,0.18012444917614723,0.3285812372347715,0.4437617891932032,0.5663477539468615,0.9710383371151666
0.15064865291422813,0.21306347522694224,0.2835459597677549,2.0685686108103303,0.5445670527911544,0.5298843755798008,0.4416052006392378,0.46299635859288374,0.5489972938470207,0.43154466307431044,0.3306888739491586,0.5777737250610407,0.3205225800271595,0.03865612679309873,0.34380419825302033,0.22738332114140017,0.5469729777222573
0.3205283125930676,0.17998527798604924,0.2117877240326113,2.286804498512369,0.31175972516948613,0.38931738605404065,0.4996969813623753,0.25872899519084697,0.4369622370873681,0.30333266650138596,0.13370932370461128,0.9801424129886015,0.45973089753776025,0.9734231192180294,0.022946640940503474,0.637166745990366,0.9507944314985549
0.1399389708240405,0.28323699436119376,0.23028606409215124,1.2996937396343897,0.5966037502002253,0.24038323193746755,0.2503888227554441,0.36155643216358385,0.3758087445892841,0.5301874008670935,0.3141255407326241,0.9491856550314143,0.4045968235694397,0.7745491589343024,0.9974038713973578,0.09648359795123802,0.41578401952859156
0.24911485537914582,0.11357661290738551,0.14115271256611478,2.2402405323926757,0.4004647335086362,0.445744088380157,0.4842050251877654,0.3112697202257056,0.19987698212755195,0.39521934639131134,0.14620190197093552,0.13965224028236414,0.9075151573726201,0.31978816971569496,0.09028623599330121,0.008349715790568807,1.6653318901019207
0.37043646079059805,0.18778353708577833,0.09109225848009568,1.6499891025368638,0.29850060906324805,0.5006924131133382,0.34223612699858263,0.10676942721460522,0.08004922248124229,0.40700751406307767,0.23596735530192323,0.1898955015779241,0.008444626669449826,0.8896898507441419,0.0971090904908644,0.652998433900595,2.486575131846506
0.3589005954389996,0.18603246564820924,0.24368395288495975,2.8126101515110378,0.40653164160806177,0.3931178961144528,0.4272897796262167,0.29121813074646546,0.3983389453589175,0.05901346095453633,0.15515345015557785,0.8747674217544867,0.24168221759282393,0.033382491489671096,0.9710178198307625,0.5720464862104615,1.233980503257151
0.36604115631319356,0.22701969470352337,0.2919367204524851,1.137295377566553,0.264105818727105,0.43118874620075764,0.28414441855297,0.2974540982877769,0.1576156101355909,0.09722679826616315,0.14849414536813987,0.5827542097170918,0.7858687574403704,0.10804553423564574,0.8553439556435756,0.3573978187860633,1.3355100776933897
0.3270561513346294,0.16308023847310538,0.212019490360998,1.2119118664743334,0.5456754924930907,0.21175619716431965,0.4613885910688492,0.2553191198800743,0.2641021901983375,0.2583474925717838,0.23814633616018885,0.25915424411327337,0.6705249428965856,0.21282086954470822,0.8391185512398641,0.4688387306248553,1.587840117672072
0.17398910364791845,0.20787162107065088,0.11491416679258437,2.654175181112997,0.37233300379056933,0.3433539926569394,0.4490681457626892,0.41907271098903703,0.5133265906932718,0.09408536211150277,0.15392706773646656,0.08699446422290796,0.08880024223197694,0.5850903269639083,0.797027093879172,0.5450455701911588,0.8483278161344687
0.15253650313815603,0.10274390448289018,0.27953606916338286,2.4873266768676645,0.4499855219600785,0.4939485039565538,0.23418542556328736,0.5256949365558946,0.5592021017674345,0.2527110160001296,0.31786909505259464,0.8261200873452592,0.27881457842726165,0.36685305139458213,0.7205911122109891,0.6598611760438348,0.4293966679343689
0.341863885302498,0.20538987439415718,0.21390780953180105,2.6245081926852203,0.2656609309739757,0.44280310510527077,0.4805063748850491,0.3912344510379792,0.49453811132753606,0.3419333514815831,0.2798159197822786,0.8468568630564399,0.5235053588832409,0.042641705031055875,0.03684863016642142,0.6261615222603837,1.399197428208982
0.1556206351299232,0.16664214081569959,0.19495109326108567,1.1511925927185305,0.4879605697295962,0.2921586153398373,0.3387537603894785,0.3890344067466821,0.43403576972920094,0.18812931314981401,0.19246466036182847,0.5976313871118535,0.6917594010760238,0.6158236375431193,0.914609796618046,0.23946587082750095,0.6181836689663128
0.1630581783289021,0.2625203874250177,0.12960620074253015,1.2980307580138146,0.304977927730181,0.4766933784379828,0.5200823703975999,0.44651301418372374,0.0789587991405625,0.052886211694603516,0.19415513443662968,0.9916108749402948,0.759702951343652,0.6388449378537064,0.45420270245903427,0.10900468954016126,0.7527140412517642
0.3757029791263315,0.12805336618909746,0.1200636151667509,1.48472465019498,0.4793981110638377,0.509482215092613,0.2626749303570995,0.36861944601728114,0.36423876502657926,0.13062542763756968,0.3014789188275093,0.8522247632519483,0.9892879674356745,0.28055978746600474,0.8690544560004321,0.004315520296184695,2.751714428226427
0.2567835409074989,0.1703687358682742,0.08048399686045418,2.7922815026134553,0.5791616773100162,0.46084294217252847,0.3873234602298907,0.4327966418675617,0.1360970263336679,0.5707644768009662,0.3026572771286191,0.786057574064261,0.929497178737332,0.3599125258925622,0.9922376014296654,0.684006629433138,1.5320619127174333
0.2459022749999354,0.18991030436537043,0.24013122303678003,1.9856384602519972,0.49981432442414464,0.23314640370655706,0.4981121120943509,0.38646215384395016,0.5821378700286888,0.10583065055481802,0.2683585160031261,0.3015499994183451,0.845786599280049,0.7796970802368928,0.30104692305776526,0.15715529130340256,0.7556517554708195
0.35418429001361373,0.2325828762435272,0.13573883849072,2.6279118277297973,0.5099828641683615,0.3109151335040516,0.38470909404067877,0.5844457423029746,0.29468614158236756,0.2510411640724986,0.1094874270393342,0.5460692645901373,0.6317487805213177,0.6583624007440045,0.7384046006881375,0.044708099632060704,1.21092152196747
0.3292576199973048,0.19390541686974988,0.16532578097638354,2.7117186106513222,0.3979612310878926,0.45361631660334834,0.36894247289465737,0.19038111230246635,0.13746253848538437,0.12842216399237416,0.28943807900811463,0.48824453671065826,0.661446682255503,0.10628390144424245,0.8432148457026437,0.7069797879886404,1.6622253872039114
0.3678468853547527,0.17897664897079577,0.11729292187584131,1.991835996994715,0.38116261973732435,0.3150499954922169,0.2127354013865188,0.11930833434491624,0.4604414881716946,0.3995358450136188,0.25221479693632,0.21203162962363176,0.5081085947665273,0.5188405953509713,0.5033789288142456,0.06731706685151241,2.6615372716555363
0.15473587412770207,0.14923351619922248,0.14678440313350036,2.6676976990430434,0.5533275109868778,0.5345390880103378,0.31242545800544197,0.18727691033997207,0.5974582555524796,0.3820587797498254,0.11574576490198793,0.9108021782518859,0.2950716237093973,0.4617614996483421,0.8519454689161161,0.8831038411182216,0.6261442922765629
0.21870780125178652,0.2732792154623538,0.1567453036055708,2.264831175507661,0.4414357192799001,0.532104346228579,0.43294208022274727,0.3395343878200176,0.1145468502712722,0.4230932290333589,0.1493632435451517,0.11550171134044251,0.9199703557480987,0.987790909907631,0.8868638721549923,0.6193804372025521,0.6662549510871759
0.19273448657668502,0.2882122660785523,0.1678689025768384,1.7673942343212854,0.522071752802747,0.34918252226887087,0.42928891835210053,0.4206600459035475,0.09479766087655621,0.3511701882614655,0.13700395270722604,0.019668938999207478,0.22256584651488082,0.11347990556074315,0.5766421726483317,0.9497978777162426,0.6936076086855731
0.2719090981984501,0.17541591318324282,0.09180059736464327,2.436367533532967,0.5835129425136634,0.3775292609773654,0.4694263909633598,0.4342075528808754,0.48311176147334484,0.213979159643283,0.277319511238195,0.13560274197497738,0.035032497244395264,0.7183135820932522,0.31421438750777,0.4828184821418467,1.5491741991764205
0.2529338936687263,0.22352302725007456,0.2782535359242259,2.0790240827048465,0.40934818917404714,0.32453658932311086,0.42482824744116643,0.20647135719356363,0.4640259187243988,0.5114178970243372,0.13004340731247474,0.3293999664925959,0.727030299878925,0.4246925691022108,0.4147526751881053,0.7204510854753843,0.6831392378277436
0.13648838692106413,0.13348856818996246,0.2948861237872844,2.1614955256348845,0.3331592472808927,0.5493673577177585,0.30578398196060097,0.16166530040515958,0.2776922479373845,0.5949176098500956,0.1792081156379342,0.603849896643833,0.653393356196599,0.48812634527475224,0.6140791426452326,0.3456949337290422,0.4244080101090814
0.21522155830121628,0.15375388816024316,0.20948204181059377,1.3894409987709744,0.39251043535525865,0.3004569327498228,0.38194645965891505,0.5149404183617202,0.3407951139403899,0.3800197151489334,0.1454004280956828,0.5164711465901572,0.16817762024989386,0.24185237377580468,0.2679634906627572,0.0524511061889408,1.0420905063003318
0.15872462984272984,0.13419470622020968,0.24838768412129425,2.280355131435794,0.5073811792174621,0.43436866004782626,0.21040560164929667,0.5088424462058492,0.16574551201336485,0.21842628959455163,0.15941106124450705,0.5259511251716259,0.6507061148715284,0.17182646650204372,0.37030490078509,0.3221607311163381,0.5288070891342163
0.20703846356297836,0.15601654875453239,0.2547708868905542,1.042595129336442,0.5467120842782953,0.2942829016309945,0.40428500755933017,0.3217004965218319,0.5871922833189338,0.36954884562948287,0.22028752332236884,0.864852469102665,0.34829580166445484,0.830090466529614,0.5152971941480305,0.3468660040309085,0.6556757697790734
0.2359537701573884,0.15226570167113437,0.15272932801200592,2.677903460890784,0.5710771195420654,0.43875669625671554,0.3865479588527079,0.5706198104048043,0.5762625170198391,0.31172300323607777,0.31083840856639594,0.029412248299415217,0.835186569970134,0.6990224952786587,0.27547460250571876,0.5154095305667399,0.8754054881523863
0.1812259135051193,0.10456132880735965,0.14756786484605514,0.8971001321870383,0.382859313689069,0.4032406517206396,0.25961470268964687,0.34894042636251676,0.408227750274481,0.4398314461122539,0.34733012396553986,0.3248767554402962,0.16568143011183362,0.7109027514481564,0.15485436993201737,0.2574740947032439,1.3015689313872887
0.22729876627486267,0.2474973777410033,0.18981837453725126,1.1882179059308517,0.48494201261573927,0.5164529156424227,0.36538658079719316,0.5345942277267692,0.26720652166232006,0.24159021995257307,0.20465291129289132,0.761552504605717,0.7248054092878728,0.40073894163407514,0.9398717774751372,0.548657602902585,0.747564317049483
0.3329423079921659,0.2857356163028889,0.11329337839383216,1.7195940988861573,0.34240246668351587,0.486529514075504,0.373230763581171,0.1735299970566088,0.18970925943062583,0.05019683739109197,0.21515327871039086,0.8701519355122252,0.3628841345002384,0.9450943082986812,0.6197211557412692,0.014596432191518328,1.5851677808466498
0.16486056516338154,0.15546106867310847,0.19381947818371903,1.8249064238138055,0.3953267552559364,0.20683546062464234,0.5087838688500599,0.4820902524261362,0.530889289133271,0.13148133796483674,0.17368886249796203,0.31626408618937857,0.09930562715059106,0.16172129807842725,0.8314793019115978,0.24494482403924595,0.8495865702445149
0.17250613522479252,0.2793364942619413,0.2600286928559318,2.0419150382777547,0.280305948244151,0.5064644854650564,0.22655431198037476,0.2744574926052644,0.07696700235376079,0.49346277757166923,0.26011848834417917,0.4906614644554409,0.6440291849633303,0.5375477574142502,0.07464138950072352,0.39024680895822644,0.5431516615585513
0.27162741616255814,0.1303128846227936,0.2900211554717943,1.5478752392579302,0.5976943825908667,0.357374565060078,0.20880461570361394,0.4002093669433419,0.32691045514376393,0.2897075931176397,0.2130268579475736,0.7298705746363223,0.9479136357108625,0.5949255066256909,0.7658960576442139,0.8257650967911637,0.6365990709492146
0.1534619079100563,0.2707669693410383,0.23037695690760113,1.5148490585485765,0.4931672820167141,0.20547951243615364,0.4625721997231965,0.07493802073679712,0.427853242175163,0.20726175394479662,0.1252144205453792,0.041787702073083195,0.24656184936967585,0.5889859455449172,0.4884578402696919,0.8781926098007118,0.4771567212976294
0.23527488434361066,0.271364916013337,0.0856611738590158,0.8426438693722709,0.263421407890992,0.2558858412798105,0.3553375088703165,0.5032664905583436,0.24934258377397434,0.056757903735005104,0.2493364841424556,0.5299828713454621,0.5106855568555453,0.5637463344859444,0.7676453043655325,0.6089703572652315,1.421067059409123
0.32834819731998083,0.2373298011659567,0.13876810798475175,2.1537799941615807,0.28185163407617353,0.5464191630447399,0.22356132285314573,0.3123319178004035,0.1445185238571688,0.1752837795615368,0.34761782785673145,0.4769879782915668,0.06408550797637239,0.12559296008506776,0.5269838599113492,0.4413697650917622,2.201502100404188
0.18950710720310388,0.25486804771252247,0.2195318442917631,1.9330386974301494,0.40381115931396866,0.2582861956390694,0.5424251234045387,0.3573804242751578,0.5793612303669353,0.5646613268405452,0.28621975942185107,0.5486046899209744,0.9662582084191444,0.123032898301875,0.12422363758879139,0.16989052214672057,0.8117642602809262
0.13341181445657305,0.11620730767328051,0.23480604844510578,2.1198531759591948,0.5620790035333008,0.4112609162579275,0.4537257597150372,0.586292474594698,0.11316002870341266,0.437644633910551,0.31484782461451377,0.4977760828743837,0.013984977649817156,0.5697542777369053,0.1946750237529814,0.18445848748897986,0.439882328635443
0.19930581076658976,0.28690769071909283,0.2825573285798774,2.5159253691741696,0.5612247553956582,0.2694126590466717,0.21152062701331975,0.5707387522022277,0.20068177829211492,0.13999182025765947,0.24888848221009582,0.3790896690088473,0.314497988083608,0.7623897551531194,0.04970971027960725,0.9458531247231715,0.34998135449011725
0.17648394085918498,0.25967211157054193,0.10073511185210793,1.6418377766159233,0.4991556773704984,0.39550451077806664,0.35720588520250623,0.05721517657068875,0.2512504945480176,0.3377244534966405,0.18813039078396293,0.0625742246773582,0.10363723178510918,0.3483130703538584,0.13048150466506425,0.7698864259728465,1.145282266293706
0.2103015105087945,0.15489257042373974,0.17471258538284004,2.970092356551076,0.39175312587892874,0.44395387666732666,0.5382081570918291,0.5108390290147049,0.5620007442231122,0.2452634272959206,0.17679572034285734,0.5203336847625574,0.25296926428825567,0.500086841507925,0.20956455836835758,0.13151898953340393,0.8760351178795832
0.3182706736910934,0.1008763004611628,0.27474981843564755,1.2257582658599464,0.4584293522180064,0.5465422593862196,0.3494445790287134,0.5072773646799544,0.5932257517752069,0.2664708305637149,0.3346453851612826,0.5870943244097476,0.38134349594223427,0.6257995796827764,0.2863397222095074,0.01988378132760003,1.1652125052349998
0.37898289795064277,0.23854309229541193,0.16163343935092794,1.322391880181715,0.4554116816240241,0.22409466179372828,0.5285160057919149,0.3162919802634758,0.27523323118333676,0.16108234354650414,0.3251076368300853,0.8179792377046681,0.02855016482084044,0.7913199753046013,0.3928011379267119,0.3001114277090397,1.653291042117838
0.2915259272267708,0.17285881883032528,0.14247456660370267,2.524305308593644,0.37531654044185814,0.32816259244717194,0.49674324129717085,0.2662135859177569,0.4913652893727777,0.0762285473584174,0.1763208906300774,0.05872029080647058,0.7660426729714196,0.7486513092648109,0.16843773827604078,0.5422929562186448,1.3202499533648258
0.1910282829048878,0.2466940527288699,0.25596234003238927,2.8550717885645547,0.2772882043803514,0.4684048547434024,0.4730746346328097,0.46166580205589386,0.456907664878324,0.32972819620128196,0.1824307971548848,0.9399846968718151,0.003851332220773577,0.8542480354155192,0.34236140048661134,0.25398957002854794,0.4727431197406663
0.19901168365388838,0.15327822511503444,0.2687663575434022,0.8573507519393591,0.5583353851883065,0.458986521982804,0.2175974890375066,0.23894485475708582,0.39429640575233205,0.1587987380222709,0.2785316554063605,0.08275415207066489,0.4798092153089594,0.04866189930765719,0.46951811229879004,0.14995956907248242,1.2016823287614697
0.2304867483074273,0.22482339807792046,0.19309407209208435,2.9114717844598834,0.33789550903070337,0.24645580261648667,0.5124028247215389,0.3780966938465193,0.14311326434594646,0.22086056684819522,0.24812394793295756,0.08665585557714767,0.5595732995457463,0.5605147314267408,0.026088890737923514,0.1639524281432985,0.9410024956376498
0.203467726482528,0.23370765959627626,0.1768387252076934,0.966929806925346,0.2869600407579759,0.5448164226747492,0.2211982640232546,0.3521150545768005,0.16385758026061326,0.514054391975196,0.17062643860397797,0.2902920763713552,0.47166627221576535,0.4785449293385202,0.8461609184933476,0.10044314367758014,1.0317562842714227
0.226547178570077,0.2574080469139991,0.20464877014027416,1.7815547921964483,0.30424370026130354,0.46445939942130116,0.401237138101235,0.45705698766334807,0.26203472922501336,0.22688465199395008,0.22738652079188645,0.09688118093905514,0.2726533879736387,0.11863694273964953,0.06413142612584177,0.794436740482767,0.940387376325211
0.3183540495761552,0.16915494233532918,0.2614125370648926,2.723496807530558,0.40416578791349356,0.37032268455766926,0.3893499123901326,0.4135013996464421,0.2587582838486366,0.4354360840668041,0.20603450838857573,0.7710078103738076,0.09345735346077813,0.011926485238032084,0.4245964480382516,0.9354877207537632,0.9464261581885922
0.2565801339765331,0.1201393717724015,0.08246864602494146,1.715542254370394,0.28928728154447353,0.4504679911600609,0.36647814403548146,0.4982652976316082,0.33286335601552325,0.5912695014588846,0.333338208352228,0.44895574733186017,0.04817415430693845,0.5487411497869197,0.6541330937758217,0.8661237017113513,2.078334592608612
0.21409048390892302,0.11463895278726732,0.28593964591341076,1.5510201852288739,0.46599254897971865,0.276077490238834,0.23171780747132817,0.5743093023713197,0.5056054102113497,0.5866004086933189,0.2656901875227619,0.7209741170204401,0.2873480737929674,0.2579319717889073,0.5649880193481993,0.649266430868494,0.6369280152751242
0.2807423270757321,0.15763213821883792,0.08905106578442004,1.898161920985793,0.2593936750736108,0.39070337706572045,0.40892586971571177,0.27339356780985213,0.4965794131021475,0.0990181115356482,0.1316082371199608,0.8611567698643454,0.6193789279022716,0.19834990739052896,0.10637847549450997,0.2687095782965984,2.3056696001441677
0.3209215811697923,0.1867395215274097,0.08216152610642173,2.103777147571352,0.40845459857806515,0.2191929385209379,0.33972175903912327,0.11567390000215753,0.485493389503538,0.13641212996052116,0.2667877814260226,0.47516489249779986,0.1482739759655277,0.6291657710564877,0.5894416914095895,0.26280529532251024,2.5505929936448997
0.2749467029750408,0.26162088468009764,0.28478877639905326,1.4606529747038839,0.3442160909986527,0.264566369416092,0.35091031945599205,0.522461447538086,0.28500905038547086,0.24697041299930528,0.1979623545003138,0.5375042118356883,0.23028879730765106,0.9590604987883289,0.41319073049736454,0.8006509582649105,0.5979421789352922
0.34401380730285325,0.2696405130701597,0.11228370022705429,2.38729656976824,0.4192454485334877,0.5012589463794879,0.48326824041999233,0.3329636626096947,0.2755381091782057,0.06115231842026876,0.2305018957127898,0.16239858331565288,0.13973259138454092,0.9296338751919903,0.11729076875363284,0.7923662375147906,1.4277949856136767
0.1509955322565433,0.14498838167239153,0.13854872750190517,1.2826212468110774,0.427550303489855,0.3666706574811526,0.5001743945982947,0.14570577422114023,0.30109181265495627,0.27606579479478394,0.15703134324221255,0.45930609947731565,0.7756336550657092,0.2877936186044465,0.6855104155585132,0.02231046011551477,1.1053262248500064
0.219393534634871,0.10622275336033436,0.2088721317625724,0.9193338984210695,0.46996003475638126,0.2677628326543667,0.23529771759767582,0.12064636047931662,0.3980028539905176,0.4263309722655346,0.25304245326951813,0.6475352310547516,0.3931920410864058,0.4536174055859218,0.7618337568260599,0.8890507760998493,1.0654231727837584
0.22464934964078492,0.2926865565133998,0.25929900233437597,1.6599508930658924,0.4209309501329577,0.22964133181262264,0.21570974999669726,0.1420520197112102,0.33207068392146744,0.2980027546743823,0.17156318052741448,0.16929250906288654,0.6240256075059023,0.5910572323155275,0.3475870995588422,0.3342445505007843,0.7005873287380942
0.1405365542667339,0.2146101991735237,0.2872380893213208,2.9156066255970288,0.5860806632691751,0.3985374741437354,0.4018768620078034,0.13504711234358469,0.31366175505252997,0.5771410920083784,0.2581825657009006,0.17560020285143366,0.17933692044202615,0.8994610391736907,0.9041007045292645,0.8141499586476629,0.33159824423121786
0.21176500491843375,0.10849512837781673,0.18473695804729673,1.430950058272064,0.29487759414032805,0.4599876979190025,0.39290312649042175,0.0736321395450182,0.5256979384284695,0.27233871996194314,0.3397049563090974,0.19322471104566122,0.3190314026953307,0.08005608712337484,0.4298166560929812,0.19239586927249386,1.852689266421652
0.18786393115769365,0.2110499146197487,0.23561845578373658,1.3109698631726663,0.3257489464695299,0.417786511911843,0.321427302437832,0.1695539051564696,0.586313647315275,0.36242564352313483,0.2170211795623142,0.505224688582156,0.0008255933356338744,0.4341112389957189,0.47299411943256575,0.8418821031065844,0.6898935431564931
0.13497968529303064,0.14700319432193568,0.2472845727212814,2.8809097590246875,0.2533164303920046,0.33877342087923557,0.3410765289451294,0.20250486457099504,0.11033077582315377,0.32099375480561665,0.20688524263393235,0.8910295425163842,0.19073763763226884,0.4940881173003326,0.030074684883940942,0.28488033621397274,0.48281185623456657
0.36947801178204964,0.2088642413713408,0.2724204274516558,1.6809902793710791,0.3012167731578343,0.2801693932161819,0.36995670528860725,0.4288209065968664,0.23373375411071917,0.4857686545050419,0.24106427526028448,0.6398660461097896,0.22796515319399918,0.4166519917558155,0.8911726608721393,0.27012973510262195,1.243598918876848
0.29830985535505083,0.12759504847722797,0.26111198213426684,2.295161837919628,0.5840978335407496,0.49129233626317875,0.5025634954459699,0.20941252416384226,0.32281269212600316,0.284606069754164,0.2141655795771003,0.20695302968316656,0.8991164186292591,0.7279420975766153,0.22797627331881803,0.663010319182196,0.8684236635326832
0.23173703693428324,0.24897007856160783,0.2961452039715631,1.6745346745675282,0.5185527882661416,0.31713175229099566,0.2867203741978691,0.4678819457751945,0.5369003309966693,0.28625803170645964,0.2858153085185187,0.6734251587376382,0.5476379672439866,0.1902028229089867,0.5971140187556846,0.5105688145312757,0.6415828277795422
0.19648658184092202,0.2764134328577522,0.13778484127949922,2.4671025290164925,0.331704944999414,0.4629121711410098,0.3946022246390726,0.1289283093786731,0.23676670880713613,0.21886980805755984,0.3039394237996895,0.07368047670899008,0.8808227096354306,0.13610689469149342,0.4908492381089647,0.24193746531551827,1.2881403073677682
0.35504616284097024,0.2994173508944977,0.15088653238863467,1.4586062320672626,0.3410294057716472,0.28384008077078066,0.2795477574148322,0.2672045468606315,0.08753642941563651,0.14862155920721792,0.33848187166929256,0.24786135764167366,0.6205369567047473,0.32344467487687795,0.22345617180203353,0.9604187038982088,1.620197099543451
0.2519429741644521,0.265653242267034,0.22462233656848318,2.690276845637973,0.5951729724338097,0.3285124075729366,0.5408570411832416,0.21062774858164546,0.13334250311064655,0.12223372203882375,0.16205063438857648,0.8393870520051376,0.8546717336089343,0.6808049269507179,0.6069650630877944,0.5240961550026926,0.6573423199962284
0.3017765185148221,0.14224440558995508,0.14317957329389025,1.7843361817431944,0.4643732668780419,0.23143292205577243,0.5434950591670769,0.590136814995531,0.06926705057424551,0.4964145196947825,0.1841302832833945,0.5129639922843823,0.17279454962534363,0.29035273584234844,0.04106792986545827,0.21199955948275861,1.6711033376399809
0.29609193639408343,0.21746798602512585,0.22304845808800755,1.6673436522203833,0.48278955657150946,0.3356309787654006,0.33481417862026325,0.23825456066941292,0.21604050885867165,0.1696567766431722,0.11843534070644206,0.11293854399954795,0.25976176045284083,0.4983335590893554,0.5257908817336395,0.5827922650400253,1.0132307741708007
0.22514731065244936,0.19215635676696086,0.27628308583386557,2.5422550949227816,0.41014069086674976,0.477719124949582,0.20438777847610318,0.44304880748640313,0.4108444380678502,0.516520282268346,0.10059702764646326,0.8818201741535848,0.9414732571269514,0.9360385689867629,0.6482422888881187,0.061265170356915595,0.48461184971012233
0.1601082679211129,0.20866582891337782,0.1341317744122854,1.5902002030136,0.2701353082434436,0.4309895002894226,0.2832461684125439,0.516069798411681,0.18598750909753137,0.5182102203712347,0.34342184787364705,0.7752049784442341,0.6748325814726577,0.9936681860193262,0.337947746131019,0.1506895078723384,0.7773770202430732
0.2613828521955766,0.2100912141853531,0.2819520042551162,1.2055061972899923,0.5326922332329949,0.24724164410008026,0.34309095805329237,0.20417335147621624,0.2048228117035824,0.07177064486753308,0.30779450581371093,0.8010314456201578,0.22422807072653764,0.22238114033831508,0.17929023375642456,0.9717787017302264,0.8543503579940712
0.3155523868439697,0.11584806992756973,0.2998435431224953,1.0494492407398943,0.25831940819750426,0.39610862755266835,0.3767713549884861,0.19698017305259957,0.48996114919981953,0.0938975443784103,0.2731013160369157,0.41733969072843813,0.3520010879733924,0.8285373917426094,0.9621613537614945,0.1441768804389924,1.1474692621688942
0.20641360031256478,0.11780360424365602,0.298141555456262,2.8936607576530964,0.3213742312363455,0.3301797962053526,0.4178906465093547,0.34393268566785234,0.2974196769275983,0.18275172114180221,0.3223583222074874,0.745315287397676,0.8498465557238231,0.3823403485582881,0.7031759471652516,0.50098684575936,0.6214935864768295
0.2671290437244929,0.1845483887270783,0.20206240163861422,2.217887356478718,0.36993242674193555,0.3588654567606851,0.3301456699315348,0.4378674650013627,0.3735316071536322,0.5518891469548233,0.33744304655157753,0.9989594227645874,0.5943962104983204,0.8208291984122121,0.8487383947340998,0.7274408205266416,0.8522041204760789
0.365197287392587,0.1846913138181341,0.18180362669943853,1.360505114350444,0.4656889784385301,0.519185792251164,0.29090203063063785,0.16810298602860227,0.4999586044377986,0.4994964585186213,0.3359787936529794,0.5551814996066552,0.3841660822455061,0.06870296592464584,0.9006310943547421,0.07451388191655355,2.6025914419999143
0.3623958374518622,0.14044680217023425,0.22373411614101668,1.8069092016774164,0.3164916092834822,0.28619522009145004,0.2988057549186227,0.29796753201495624,0.4507090025675913,0.11136464365894042,0.32267015719970166,0.2626710577540529,0.3383527703218551,0.7325796517502929,0.6698527306867247,0.8840310476780691,1.3069686386619614
0.32284926193276364,0.18119578810037332,0.11203598032855808,2.464093915047661,0.5347127775551386,0.3732643372164891,0.390300640453504,0.45448421217561663,0.08213645093434042,0.2808465537288441,0.1815582139289263,0.8971853185236142,0.17358209877056438,0.08423661160471911,0.9203696946168782,0.6354566346049813,1.7086341157979499
0.22266863613732937,0.28144182899073666,0.20530676323643438,1.4001242558012588,0.46859640152490745,0.22810352357517588,0.42598813870541374,0.2787988167209381,0.34497711267227027,0.06541561389524907,0.1685484345830413,0.3861011561353786,0.46254405251324054,0.01847562681460255,0.3115891141845962,0.3623537691824344,1.0480302608981837
0.20858459340762325,0.1940030000832931,0.21276960336724043,1.9653631275025465,0.5787978894198774,0.42009491842857327,0.47659981724785483,0.1916766308538025,0.19803466571779438,0.47422203038633914,0.11335221165642329,0.2415666331077785,0.07473582598273831,0.00011523887772743824,0.6793566703413185,0.7723990398253912,0.8847477851743426
0.19471826376227241,0.26869904619323126,0.2911441936270666,2.866751499340916,0.37604953427829946,0.23553286986474636,0.44317226956920264,0.25305701584043067,0.18768766412747573,0.36494249653479616,0.14093556122467665,0.4057218006466732,0.8915508244521129,0.5700461588199133,0.2331008067276699,0.6269576179661586,0.44665203843874424
0.1917152522847409,0.18394980111147993,0.15772749747072057,1.7742406455470494,0.3084858771156057,0.21147556637611742,0.5110212289950562,0.5022933237739301,0.2560378955416906,0.3442511125731955,0.304557120857896,0.9220695456919481,0.9701357775493518,0.13825276686449822,0.05119265212419827,0.9058377911324184,0.8666281708232624
0.21664098031445644,0.10754259557986799,0.29454595654347676,1.89135037692163,0.5267330940857677,0.20087617687836298,0.5383756899554553,0.2331194663296221,0.1590545785792567,0.3335817721002295,0.31888169359198676,0.7974925980481324,0.2385357626210859,0.14463969892222117,0.816746834918911,0.6729872788932385,0.7713131398278129
0.23993760009864734,0.23562559083905613,0.2656090745513452,2.0084983698962735,0.2619767776488209,0.3537810131042154,0.44584053567833204,0.32006754827438827,0.5173098560180895,0.3682549575174162,0.12278708737639796,0.4643279133022171,0.8633059004475091,0.9219955449081922,0.9092683777985876,0.35432678182515637,0.5885224904345869
0.14914224835366244,0.2522563362519933,0.2519857777197164,1.3193061417575604,0.5401844109358378,0.5107669964698012,0.3273942010455857,0.5628153755742795,0.43870009030047974,0.07412211566579592,0.12788264753050513,0.09033443105948351,0.15712800933005402,0.20573084330235986,0.535527312484433,0.22428786540785767,0.5067192502080093
0.1954641934602844,0.20293129337849858,0.20384172841263964,2.587226831087583,0.5666371525134188,0.4365464389868832,0.31492510654048766,0.34331165677835473,0.1926447577293255,0.5621669611339685,0.13256098390881746,0.04471516008030106,0.41904603071400887,0.553545839121391,0.6290464809947133,0.749252183345613,0.5749801681261981
0.17704909647961528,0.1979304232542558,0.12527966045223843,2.732838114572819,0.41534121398044455,0.437247179541396,0.5042920685692689,0.21966133079692046,0.22542163279407396,0.5534879442536624,0.3328713333580844,0.7129379623478495,0.20736721720830772,0.3318610962894524,0.7416004748960958,0.12184696415207197,1.1891564193458246
0.19357799479813892,0.2866564330224117,0.27750185806757566,1.848215750699048,0.36444214938954506,0.35571313953955164,0.3097135451680666,0.08932667798979718,0.501520677329949,0.16276212042289306,0.17554233246793155,0.45082723959405635,0.6266747046581056,0.7030184901614516,0.5691625039924819,0.6648133933943012,0.5022234045077688
0.2729292142743598,0.18558180156087117,0.17975888145687194,2.268555825852002,0.5638713578504548,0.5364834984829596,0.41493275930928253,0.1807098003481954,0.07292225064218408,0.07984895093926944,0.23520563011606432,0.023512384550484086,0.4387930791653361,0.3420665689353881,0.548204936905692,0.11518023698963784,1.5059858396075183
0.2421590962429012,0.23778306498465268,0.22640727989303427,2.092749709610528,0.5158370702059121,0.30944011978824243,0.5100947794012727,0.2012262500711951,0.22633317087432187,0.44544244440841846,0.2507610133820905,0.8221853552748107,0.05635977707606198,0.6453152290170566,0.3051227613373405,0.06423712239297583,0.853282413997265
0.3000116135730902,0.13909172580031898,0.2540942609737365,2.2523731253866637,0.5903491943739982,0.27190184396415346,0.3579139355723272,0.48273989352932517,0.33601347158828443,0.49511939201922506,0.13919822176386928,0.41264599659216594,0.5190068502080953,0.15992370640153694,0.7805357631439257,0.9123435185568352,0.7646703154254821
0.3361771429743947,0.20023202094893966,0.21888260428596185,1.8834616534706563,0.3799581908474521,0.33099953065919907,0.416053575380841,0.4387795909450093,0.19319399330075526,0.2096312433872785,0.16105108183418682,0.26625281531143125,0.7495144367721487,0.611234424916454,0.7550096471215976,0.41651591109849234,1.062541579480328
0.20226863279216373,0.2990625536986856,0.12321084129963224,2.7473980942953276,0.4549894844777239,0.49172973003022175,0.25766459489194177,0.32765968557766684,0.5094159852490738,0.1663191266319327,0.12847510367134637,0.2767918527447345,0.4111231591052388,0.26294990000471874,0.6334945580873306,0.5051909978207149,0.9219537131074145
0.13563428308499195,0.1047037119446046,0.10533085795896385,1.7242575232814712,0.5111805627506565,0.34587084096095067,0.2607167838986049,0.2132380031714194,0.3820636459168447,0.3314487596147215,0.23696484169367946,0.09587795684714429,0.42291010304627874,0.10266242913076164,0.2378308980629026,0.13859346415973312,1.555608477634948
0.13119906536646006,0.23518921607291715,0.24568175552200766,2.0226267997697134,0.5280076968006684,0.5387040093906109,0.30055332009174035,0.5453734304733137,0.3890566347551258,0.3461577150617958,0.11806800904028117,0.07228682501549183,0.8290504134115235,0.31323028909199646,0.6882737024008482,0.9186288421733078,0.2953271706042147
0.2815778721997482,0.2940126894318783,0.09295615927697429,2.762475792851128,0.38688244234080965,0.3621339933998188,0.374345908405499,0.2621721538975134,0.4312228204547084,0.25389296663440425,0.29057319754994126,0.0303240421259498,0.3356395315799078,0.8532185976719818,0.8029964848677755,0.7351977377788448,1.3290062855540277
0.17056874625331248,0.2777128080336204,0.1166196874995862,2.8514479796056262,0.555877490561728,0.2042232353102148,0.46016597707961904,0.3052205218200532,0.06545028684988892,0.4636048847526686,0.28784303693073976,0.04967954065325341,0.8257961434864436,0.5573666827960854,0.5819979265590739,0.17228662552191507,0.8490790668297999
0.2797905066828808,0.2480436869559456,0.2713462975537586,2.34702911215582,0.461276358069197,0.5135847646584475,0.21638871908033863,0.4242886539492195,0.21015393679936828,0.19608329947511338,0.23203147363922125,0.7004612356429787,0.5045300427738127,0.03325668789338664,0.9685026258544358,0.7841364755796474,0.7675011349053014
0.33069119051240226,0.20622795129236376,0.16317816974486465,1.5249866390639841,0.47561690817337376,0.3981518100498599,0.33258919039436596,0.5297391683183286,0.3154539789599409,0.2441902679460392,0.18568769226424936,0.6861359269964682,0.502897359369435,0.9984072561866392,0.7186602668637061,0.7593844757657641,1.007073902926958
0.36026499258079336,0.21671144444589852,0.18872213143683758,1.803694439289539,0.3125409541171426,0.3474588521976492,0.47502703718605715,0.06145187239731962,0.07540261313365257,0.504135306057581,0.1317274677843001,0.5634355565948801,0.896228331641753,0.0603162067670373,0.2884893895609059,0.24753752117203598,1.8813616661251291
0.18608662508171886,0.24428864832857852,0.25146785982937453,1.4028958828522595,0.5370503710958997,0.47985211325907956,0.2369963565978932,0.4691446641160482,0.3919539845076033,0.17296196018238957,0.26240374845675374,0.7576430091263746,0.5229372177354198,0.674363231808031,0.5173715704458461,0.8547648136184057,0.4484944775778575
0.31662968604753916,0.19308126518225016,0.26302881864872363,0.9256265290929037,0.38520936698350233,0.2783981134571618,0.3798213040333206,0.2641366366638691,0.5518869457573499,0.1844135102610946,0.14341563738142799,0.5517123951372236,0.8652281247045858,0.26590941904832494,0.49440435150961703,0.6931571382227207,1.1136563629861294
0.3355025892977823,0.2668188352503089,0.083962302816354,2.419286184055608,0.3523922161359214,0.46206456040838173,0.25563704650932034,0.5267184024756584,0.47989129023353627,0.16393913636650764,0.1944819800123378,0.4143341603620977,0.7443806582882294,0.705211564986875,0.16293014776824213,0.5998035805674891,1.6008665249105984
0.2847180510526398,0.2835028423225028,0.2564230313695649,2.494880811287411,0.5572441405529132,0.5434788483858147,0.4216196280890365,0.12666236115143212,0.5202903285429171,0.49092835246072536,0.28327515160728733,0.1806104678194993,0.5971111640172684,0.7649240680365146,0.016836513260187178,0.6825610574494759,0.796755061834787
0.2379897038101481,0.18138987951487456,0.21827823024978604,1.9256877495378562,0.36670654264608293,0.2156861328231254,0.4311228005260803,0.5530892363325717,0.23178015765076238,0.13854438768599914,0.30678979453756006,0.7493264470572629,0.1437024671342423,0.6799158644451521,0.15886564159513708,0.6679944940281456,0.7604372661689494
0.1566395914436952,0.29014423713015025,0.21597368113069748,1.038046830201203,0.3536516510838462,0.5396216252523267,0.4928639017315525,0.3233222404798507,0.30279408215708165,0.27015018645433975,0.2735136663027344,0.6569495132914441,0.10055679402480429,0.2747478842981167,0.16492375742638418,0.03079679914050452,0.775338688968487
0.3723612154614905,0.10867645522904006,0.16138288699069217,1.5826853118062212,0.5416070193833407,0.33709633439066833,0.33668002100517647,0.1477490345714762,0.3861311392764318,0.2397530467104534,0.24726950791930205,0.10022853372021616,0.5729246927589705,0.42713169734795403,0.7278449162393525,0.09676870203186747,2.5430977539940582
0.29264939025679815,0.1098847822830138,0.17572481600973422,1.470231720794232,0.4634414932765685,0.34231810201140456,0.46825561974965246,0.15855657029572673,0.1169602676771781,0.1208924066506718,0.15844892300263236,0.6307449954035804,0.6829267642422886,0.17451637346002732,0.08579924987200353,0.07268057111467657,1.9237543647994317
0.36837437843327303,0.29477699183838785,0.2465454288346116,2.676280337291476,0.4157353232935545,0.46573212794704494,0.5487799796562207,0.17715987657168547,0.17803245586551408,0.37784867107939746,0.2954606258700604,0.9651307685255189,0.737961785101521,0.0636613653137335,0.5573260148455773,0.8443977628879572,1.1212021449073326
0.14203617849902278,0.20123556311409604,0.24491813466557938,2.44979720581818,0.35827413185026186,0.5247769415145493,0.4138951449056576,0.45290894781976476,0.17416007695038693,0.06895729818386503,0.31952244321647194,0.9089812767125118,0.14216961975441222,0.8456838747571865,0.3876607192979015,0.9680810145576085,0.3652435144164654
0.22809955246329244,0.24469056183427876,0.12800139827597712,1.0994684956342398,0.3858302994589483,0.2232086520237484,0.41927679922534206,0.44495099198383203,0.4875423566708434,0.15195514013912714,0.2705418435618181,0.443861379044826,0.9819625282479145,0.6186759485570066,0.20390837312566093,0.8528869872429283,1.0329774846714797
0.23284650616847552,0.16581379729781223,0.1873559531131551,1.0601661379774083,0.36873188477435154,0.38822310950293665,0.31840676536856166,0.40686399845489096,0.15019897653287706,0.5210588182837629,0.2838015648624108,0.9259973879341706,0.9768221563475288,0.02699428190047416,0.4567140434319155,0.6995242675544984,1.1430099990415048
0.14779543830677488,0.2507006403217166,0.124717349915894,1.2429544504623893,0.5017101061536593,0.5276175522939762,0.3982999188614331,0.3989287461524965,0.5695219442822359,0.2025506268669648,0.2347854742181297,0.3692009176156212,0.40809141316626935,0.0160205583225201,0.7106006472456966,0.8583069616168467,0.7867318625323566
0.24790892249529545,0.150332544639021,0.22921580062156433,1.490718133750155,0.4395627720054006,0.3036474788656227,0.29136411987424604,0.4707058394635388,0.20894866314985888,0.5481472198458517,0.12203587666613196,0.9845933836911213,0.9619308662905548,0.9469120396460547,0.8272940845729879,0.1977573528298418,0.686180047844855
0.13677342802722964,0.14656801034458744,0.26743217618849346,1.6027670303084198,0.4886089767998044,0.2667815333943071,0.40715953597150584,0.06770275394261216,0.4747678492696969,0.20441366964032232,0.21167688066822088,0.8888935199522892,0.6105183753367076,0.41317833671609394,0.09386083393646688,0.31707900660652233,0.5175220553841364
0.3431216785668696,0.1495603938637277,0.22044940687856412,2.51654308967804,0.4708463465664253,0.21672341909783696,0.34515282145359627,0.4412899556452532,0.30792409005470944,0.5244939874749287,0.1973208015944068,0.8681932033672207,0.2158330738716692,0.14273249496665946,0.7834055095834402,0.11772795415680938,1.4059434123392607
0.23675283580643547,0.2295329221943432,0.14233231364434207,2.65775480950105,0.467373521130375,0.44758607234457354,0.2933126024803859,0.24556183748593902,0.13165022523085687,0.06389529935914,0.34015993559042945,0.2235105372391158,0.1834269000397132,0.7068928292763467,0.11038906186891986,0.3736771295091009,1.1587794081131815
0.24413213267770123,0.12144250086950553,0.1809449889114083,1.0828332272428034,0.44124275057830364,0.489669110517455,0.26810596185492935,0.5650100986146815,0.10403563820055334,0.5085564321935191,0.20120696479777372,0.7059927484127554,0.993931234640209,0.8178718997661422,0.7597212880347413,0.40981721839153246,0.9320167923202742
0.22158550199711988,0.25140773357883284,0.170787685584818,1.4086982423548964,0.4371979108083507,0.499614602396956,0.2754127435080723,0.35343968033965867,0.18221537942416932,0.45910784604848903,0.29428878247713364,0.8338257618751369,0.48782732072718293,0.07175288410320838,0.9751064948531736,0.32592408439769194,1.1434079334468115
0.18055700246815873,0.1601853480710672,0.10434851643247774,2.367455961299764,0.5549487973847715,0.3196789989835492,0.37056064396756166,0.15643836636899086,0.34923004706591876,0.4558770843151544,0.2870281124780729,0.9043680055301003,0.36865858420311215,0.8017928213705524,0.511918687491172,0.026155380687301718,1.162744607867073
0.30978248666992964,0.13145395110148725,0.08095515220616782,0.8908751068310466,0.580666458086815,0.43309943137333795,0.53053381656591,0.3815328789384184,0.2713163440713276,0.4034216114965666,0.3019426661723385,0.8289758050008896,0.030486452289272336,0.07485154433391047,0.8351084337639498,0.1789772570648634,3.63867430622869
0.2770292475500026,0.148391415960358,0.1285761659358426,1.2000846797337974,0.27482606860249853,0.49775665901254856,0.50468386843217,0.16594086818250792,0.21337472237735317,0.5831023285773589,0.15159619862543935,0.38235088183302346,0.12277746513654685,0.5213259157371412,0.6000322101792009,0.2029207570361317,1.9680690294083503
0.29875061765516864,0.2436751547095334,0.1272857789293577,1.1784461955867467,0.505347588798025,0.46774120673650055,0.2965007450200456,0.4022814564150405,0.5301780082101322,0.2645111065480721,0.2549402559442476,0.730349325630478,0.43428022064067734,0.23590897674401287,0.595718309989303,0.463099221665425,1.6092487509963822
0.33488978246148005,0.19120058106140442,0.10618102014091185,2.694256213420113,0.3342250986925757,0.3126706241864468,0.316593184167689,0.1320524425065141,0.05879712568313358,0.39355720830328444,0.31303832455016917,0.3530242059694961,0.778228807521138,0.49116713847431365,0.23576902847800524,0.5320761698314351,2.234811133472732
0.28276327420985903,0.24330356628545854,0.2867468368970584,2.557293354723666,0.37398857781571426,0.2884318747990554,0.44790682672855986,0.2860543524123537,0.28988466613713243,0.5564600009862707,0.28099230079372217,0.2138095653951362,0.44318234970635345,0.3520613414596942,0.045429698729675796,0.6561296092065477,0.8582759834298256
0.32577751935133353,0.29205207226205354,0.2326766901070268,1.608137458123025,0.5593702933202312,0.23737017821914186,0.36016068672395496,0.5888618018272193,0.21215714889189408,0.11000242167798614,0.2660964140881985,0.408412090565149,0.8082401298201776,0.18461381462175083,0.03520809872677934,0.21758888021422162,1.0469924832811226
0.3318605339516387,0.27047437202773117,0.11552555811669038,0.8277362154319639,0.3984661753884577,0.3624551326688579,0.2275811032841461,0.10168124158488641,0.09039060846148286,0.06000041036953859,0.2615834882459207,0.17298980930611102,0.06272832967958959,0.4645150421872612,0.08906219475915042,0.9505219868317353,2.007476176265178
0.35076747539373954,0.16113535564379927,0.1918074317344287,1.1686326241020175,0.32304862765549314,0.33327858288425183,0.4780297602940716,0.2693368595438397,0.22412247341918246,0.29473365001524005,0.15592307426857988,0.39691564373344385,0.2916652512611948,0.90954619797947,0.9279709308363313,0.9740902926043092,1.2572401769280772
0.1499109342677685,0.19500975289474423,0.10905868398173689,2.5367332003676655,0.4388512870406732,0.30545976477098447,0.35375575694103395,0.5231493112156081,0.17884629227923077,0.3720841978175428,0.19014815508965066,0.9588863823353417,0.2361287666112162,0.8654306597960987,0.3629903661465222,0.9666014297083504,0.5777927527317145
0.20781751768841372,0.1435589709888649,0.13996784632753423,2.819666257635002,0.5308262152345523,0.5038732654274529,0.48630758590439505,0.22787875943779623,0.4777421255365742,0.3783017756922536,0.18654975838723517,0.03354427877800679,0.3417716644394413,0.044439647132836345,0.5225499572626708,0.01074329760772798,1.7238836081336926
0.3534295750530545,0.18027438400146273,0.10413423973413585,2.886132077211138,0.5650781410153206,0.38245903325298636,0.2515585087921852,0.08717543705229569,0.5443645578657635,0.5363388971384077,0.31577319851506935,0.3555319678562374,0.07889566629024977,0.551072595379063,0.10932470756532324,0.6417498301524444,2.3925258641020477
0.14729840645007114,0.2266060432096153,0.09468116205991797,2.9018779421887846,0.27158863611298795,0.3064536445212224,0.2075292165415304,0.48685212915824566,0.3562863415965442,0.38711136989373746,0.2636898758061069,0.7633644485774002,0.15628305221061495,0.7253219348512676,0.5864298014529045,0.8319724580815256,0.7233767863697026
0.30306471556134407,0.19990185408642125,0.21695580090040412,1.2534502198746822,0.36094339841974626,0.27520846856403675,0.5162118430347673,0.5421895776419109,0.12222665969559778,0.5392795901694449,0.23972154475529683,0.2520543569868403,0.9305348822090933,0.9046379504147353,0.465794396456508,0.5878666426492671,0.9423349392634548
0.2853113814407281,0.22555022848701112,0.17393713650417938,2.359327442596075,0.43251643201768697,0.4296479734085884,0.40771680431325474,0.1331417459076838,0.30943834104632534,0.38811246645407227,0.16375782490301333,0.6434734354714401,0.4457568354938954,0.8804264734917725,0.4983845478294313,0.4872832769825164,1.0084556314141377
0.3671426938764524,0.27839346358851075,0.1351229796477637,2.941860235793566,0.4508883860852862,0.2740000250712928,0.24040452060713927,0.07962618719064163,0.23810587521009324,0.5967672540065957,0.12597679823747476,0.5906504807351278,0.1508177612207469,0.23730013629497387,0.05620007927627818,0.20422942406296166,2.0364006549445897
0.14568969264332715,0.17449998902529018,0.15247718814227762,1.9081975219399763,0.3486204611650743,0.4708055281749793,0.4039380013536403,0.4649343770712313,0.17567932406599246,0.08326085212735376,0.1025390475188893,0.2740781487224328,0.7519167168052284,0.6885796776452395,0.3349632004175932,0.7628002812421605,0.5476305602621684
0.33785490173864463,0.22250130874771662,0.23706250141939356,2.144470281321444,0.5854957031989427,0.32693400663710126,0.4543642256181892,0.45615363213211046,0.24168720890126033,0.1438068216604036,0.3492471879091408,0.12302104396777597,0.7416896906115741,0.3866353264299762,0.5706224196733982,0.7892130683560488,0.979797992139588
0.24707221527569848,0.2686202564117261,0.19128352839116203,1.4981003027342417,0.2616029860011799,0.4465766459932995,0.44684219770956557,0.4270545158482072,0.4462336155636331,0.13312757751145393,0.1959269051915002,0.7187450958479014,0.0678402759821142,0.7587731965886463,0.6757705463651441,0.9580431451007765,0.7566802407620131
0.3579926198467592,0.21359491272861453,0.10220791522883943,1.6565532844387816,0.41399117280404985,0.48750703820496116,0.4280640467599057,0.5604340745635167,0.06083246591627753,0.32609028823184893,0.15468910167975392,0.9016585321910553,0.7353304864252924,0.8686591536165154,0.6445647476158484,0.576861800954238,1.4961310731903423
0.18462798283388165,0.10552040762408911,0.0876408207244804,2.1802811578684507,0.573835914113595,0.3843364918192884,0.23902651540473388,0.22187857593183152,0.40527774324539545,0.4795142943765932,0.2561805578424688,0.8442139722107844,0.5672444226543198,0.8159120420768053,0.7742144053766167,0.2952958889987341,1.3613821561953179
0.25842381311761287,0.1617558465153795,0.19246979651616264,2.108140409860389,0.4057808701057408,0.4397663895620454,0.20013289179728888,0.3934731744135183,0.3035190809733771,0.30517714098538234,0.13437091690194586,0.7154514309093036,0.8701514358492627,0.6344977389174535,0.0725228101435985,0.5176855420903702,0.8722849768771446
0.2333680118115516,0.13572429678200987,0.10322814013472281,2.319801798115297,0.5167564639660707,0.48121327087655397,0.4442448690171681,0.5381385438887735,0.46629197113239196,0.35873731001510156,0.227534294333377,0.9755569825318522,0.21218805707886912,0.8086587938965328,0.9665870892638753,0.4568365234179581,1.1124971303643634
0.1437954873225132,0.2603263346710048,0.21455654085545633,2.2515977541095857,0.3138287523906933,0.22789887134630435,0.22878868878677094,0.5438461518127603,0.10684492851993951,0.1127816985460241,0.27485753187979306,0.6242700420250051,0.42960267646012595,0.025986890332005724,0.1735753047544122,0.876134218490213,0.5018060273022886
0.17926210839461332,0.2398583932241529,0.0985142322766325,2.5992044680346353,0.46076470262484004,0.2984601635845014,0.3470729996351539,0.0950278635413368,0.15473354122316202,0.1019710962131553,0.12164518402736277,0.34839792039063794,0.45229602858171153,0.5812001770916472,0.8762346253513419,0.3684516469801145,0.9979115285372305
0.35097127643561277,0.27412554798320754,0.27039764273357275,2.0897539529932,0.2842904773282284,0.36362461544208946,0.2456892099241011,0.13957516054427765,0.15399720876365194,0.318514822252385,0.32939211635723786,0.2545051979565711,0.4483161618719672,0.6409343014386563,0.4777313790863452,0.6217009575639213,1.0822370130384507
0.17558763781552195,0.17110273493965492,0.21773951508874917,1.5694378777633227,0.364065105837852,0.20213123729934954,0.5074201611287772,0.15611235590191477,0.3800223950153448,0.15431883260195578,0.16508578253920617,0.9694246422074517,0.12809797442476561,0.6329524838309828,0.18042137247880616,0.41220896079701097,0.6596625494422923
0.3774829755671555,0.1680760693807891,0.13176303834100378,2.769906006710714,0.44475123755234497,0.22601128926049485,0.3118448398676661,0.4148618979500779,0.572270876084419,0.44278165038887823,0.2446520247791018,0.10629605494336555,0.021482183234304654,0.12772416199298245,0.5609425023532844,0.07827799675962645,2.9222685469865297
0.25369909288358755,0.22022886164158595,0.18205653395562377,1.1622788519827356,0.25169459258677845,0.31838386083116776,0.2887330654024832,0.49117832974358006,0.24296893119794583,0.5081122968509151,0.24405728814650293,0.1329546680639759,0.49213135663430535,0.1955178497270505,0.24758930914658217,0.3367646986754106,1.4710358392430318
0.2678091019032187,0.22459799786584866,0.1604670850859104,1.090049193157566,0.5505311958600476,0.3747753552724785,0.4879902340992373,0.27700283241376533,0.28747305340354945,0.21613140239242185,0.20396866819975393,0.7562293389639786,0.53734824918338,0.7985494745033265,0.6305135730970134,0.5508363565982125,1.0551410714140084
0.16736021650116267,0.21624358564213275,0.19672928033434955,2.4566212130426224,0.4967014390063551,0.3326957010422479,0.5131248284016545,0.5309634684744946,0.3354500186157902,0.4519068178515387,0.1113949092953397,0.38687517262092436,0.515177994025393,0.5260060834551646,0.3951207851167403,0.5936826863329385,0.46302639344498453
0.2425190032258581,0.1296225193515484,0.2643021294593687,2.7850859634436365,0.5534252005048634,0.2813866491800789,0.4056935399032535,0.31007024266831956,0.19595978374053663,0.22952756185647105,0.1665182253857489,0.7966415290325835,0.5658436973217814,0.30211395296483223,0.7480818534583128,0.08074273274521292,0.7929495927347144
0.293832818992934,0.2675538238280366,0.1952205342552249,1.0098324542213521,0.44758102570149283,0.214004543170778,0.36138570064649783,0.17123574560006288,0.317221049949228,0.4042030946910142,0.23278650537349485,0.6902037646745337,0.5770945938801884,0.31552746768603707,0.41783506881632443,0.4647605573046893,1.3271636867684622
0.1636976265990603,0.2308816615647791,0.23222956563844677,1.4395253192071955,0.49125928472829916,0.3218841685261908,0.24952987551365266,0.2514239294202175,0.23027984863570955,0.41568225247904633,0.20967779936367364,0.35798715581696106,0.9062950125559662,0.30707835419113094,0.7073759719734717,0.9243487579603639,0.5224473969060968
0.18386226526666716,0.26322746913747663,0.08481200054871287,1.8592356334888576,0.5910027366301758,0.4156812983449915,0.4357766015085205,0.24697156437241818,0.5750140142270992,0.4185426441402232,0.10347865976485254,0.17689213184834354,0.6020037370573863,0.13214296108096657,0.7346243553510688,0.26580397508576403,1.28926824011337
0.28591205555671795,0.24104144715582504,0.23376498647341987,2.2290107350340116,0.2827029145334148,0.42320172522415384,0.2944584281763855,0.28999598776643515,0.5555935547570436,0.08237688232878373,0.2588705044498619,0.6561425409495067,0.11538752430534166,0.8959896391294694,0.6577138887063587,0.9537583236365552,0.7748774722787548
0.34678847770349397,0.10232942776434495,0.2258559750983271,1.9021109357576866,0.3296136237729929,0.4701951676091862,0.49428311971678096,0.41704548801442937,0.22063047617467113,0.40956309768458643,0.14750370752067404,0.935118151736863,0.790948834777076,0.1519432954195952,0.485897801503072,0.9164530957046033,1.1755005196164119
0.21809740849096582,0.2792329568887265,0.0998948660558694,2.8419003926331863,0.2552264315865477,0.24357642674870486,0.4565995941405398,0.3192733903763766,0.1464548939831556,0.47003326622855107,0.18290866534771635,0.9440700739798139,0.5920867363336727,0.053535383250025007,0.5503217453976855,0.8378827795290783,1.1155544524598282
0.240484217616417,0.2230272377579633,0.24064053163363425,2.332866002312316,0.5318789423382495,0.2029694057180931,0.523957599935508,0.28093012451917576,0.3781617363613355,0.14596841236761976,0.296962212980047,0.2890797575985103,0.6488303233725451,0.24802417313096997,0.9564884881484801,0.7778714059751956,0.7864916011066501
0.3450554657141294,0.15102094069400307,0.2926949307995038,2.057475506742679,0.3080382960181353,0.4027465549060655,0.5190780732314801,0.3399693107704943,0.5849212609623542,0.5847019225814847,0.30663328534945367,0.4829133052975785,0.9991736897757946,0.47014473353411457,0.3298431550467494,0.09113141749651114,1.1818571915583007
0.24565227935604192,0.2585751763758273,0.21512413541391817,0.8051702067745108,0.27861917717290363,0.4215722946086611,0.39585932731039697,0.256716328626008,0.5948305709843246,0.4487854088302621,0.24524843524323642,0.23303630983243304,0.27601498118315837,0.8733506058327846,0.14229018194417878,0.5609565464553745,0.9456803445570392
0.33149734757360433,0.1182585611301091,0.2078119946265347,0.9493746675031671,0.34953367849720846,0.27103572195499953,0.37869162895179664,0.4728050231894653,0.12450438518557547,0.3601613621070368,0.30502606437606233,0.20584295267885946,0.08279389011369799,0.7463011933388475,0.45074744782759746,0.9219237914681699,1.3916907446311348
0.16865623198252516,0.2642149936273118,0.08726519663973364,2.9232101552794614,0.49464803814251335,0.3858485522490598,0.3524848159416276,0.2941400339187411,0.29801151797292585,0.22483419866411025,0.12073362906834402,0.19345599800133376,0.20011796514120994,0.3766112661705882,0.18795607615202578,0.6004730403444318,0.9362424342347868
0.33887660918798335,0.11057103201571637,0.17250553304379096,0.9352180258132143,0.5299674152066527,0.26058712833926123,0.4610051379500887,0.05023837915753283,0.5727996203615843,0.348012705447072,0.30957452491604864,0.6153579515114317,0.8308886856901639,0.36387442207112547,0.25142117748241455,0.537875687863933,2.3051389186304556
0.3169053718557351,0.2897338226125751,0.201479262538842,2.802543184053418,0.4742969742003985,0.4951442170458932,0.41288993001062196,0.3313517714098539,0.5141912763088877,0.4089769078604416,0.32734891818975254,0.1465076559925521,0.9577566303810011,0.5347519761796473,0.7260465698510629,0.8466703069143745,0.9498156312289179
0.3567111516105227,0.11909392575639077,0.29695823991385073,1.9571038701306338,0.423971790261592,0.25156372906050717,0.2992788895000169,0.594744742364335,0.5985854668648153,0.570406961565503,0.2800716658096958,0.5575081708623221,0.13119005766333533,0.9665585066842401,0.27829417296760434,0.43120724558609785,0.838181157246377
0.3124396354591721,0.12322420286036684,0.12124575033389498,2.4001445898195444,0.3570613548294584,0.5260032046617684,0.529695837879206,0.32593780708383563,0.4121765247192221,0.49786223643909355,0.23891255282492915,0.3750292029407306,0.3089769925961557,0.379652648322821,0.6111925085397094,0.6799094531610602,1.9705353291051917
0.37970206939666296,0.19693423703836893,0.17753371374572152,0.9796515002537852,0.48140294729203104,0.23461196303611528,0.4655328887160984,0.5966859090738388,0.129574283315291,0.17880868880166495,0.34259224573608793,0.6884305873974597,0.7705104103715612,0.931514872427214,0.9172412146052814,0.6764231293178575,1.3037234454876723
0.26314053957659805,0.2527070189672177,0.17001580190508916,1.83972614793314,0.33904924453078583,0.30790687872334704,0.4507940130351372,0.5189745350874406,0.5574630144006217,0.3917866377126425,0.108881576484505,0.3227059135941372,0.26710558917345717,0.3039669745319101,0.3238588218830405,0.1410585163129586,1.1803189534301632
0.26493000987094806,0.1252260464872545,0.18526189062859372,1.9468974134753514,0.2959215153819948,0.5419778330279843,0.5441784842268984,0.11244665526196482,0.33848483479258706,0.46495721784672195,0.342237762702016,0.9936941014561229,0.5871221732335933,0.9533516705801327,0.4418313649711338,0.7177970235073934,1.1491814506326226
0.22869341086647926,0.204791729121293,0.08854118598530511,2.4732403211874745,0.3456559447264763,0.4493071992748236,0.32500051531246127,0.14406695783161627,0.34545316895804795,0.521760629169045,0.11171190923978994,0.5009024522760981,0.5556857935141408,0.5798249126524672,0.6613946318488784,0.3331613565387924,1.4226051110495215
0.3559788678924466,0.22839382986277584,0.12057834826243642,2.1264792188004407,0.536683228844719,0.40591319682058713,0.24821979290369656,0.37281014151408653,0.542284705797944,0.5556105313646562,0.2292886581907385,0.5688200390799029,0.8780787610846729,0.7936529938160028,0.9943277658837759,0.10529595677186832,1.5409196080486598
0.33383834651725003,0.13632885998390046,0.26951644726937074,1.2634074218503482,0.31943902844073335,0.21306039958020576,0.3202339747836109,0.11157987150500207,0.5801095300552936,0.14945086735941343,0.24069119046680265,0.010970327212324583,0.6992761923888181,0.45774918881251747,0.6803783604043618,0.038335226535968554,1.565466147033264
0.2702642824106856,0.25413801369434985,0.16482632724956386,1.9164144825486553,0.5722311373649808,0.31371181892920774,0.35868182557345046,0.3038088950917875,0.3486679548325073,0.27916235575588944,0.3206097273195565,0.2999811618898235,0.1953123956900218,0.9832890399301043,0.9301518081110705,0.03570959952222398,1.014362188587157
0.24964310671031342,0.19882510557557373,0.28442072899781384,0.8840948866224763,0.2575540229758883,0.5282076430452631,0.3774499204438011,0.09889947254906412,0.3951407480969233,0.4729409037109848,0.12918309912000958,0.31245855387074434,0.041618474696183794,0.3969325554749519,0.8717082678742235,0.7128798789882826,0.9054622519327552
0.27354663757547304,0.13856239225650838,0.15121535285507914,1.7036477228133367,0.48423383729765124,0.23704570396267574,0.4370558483502099,0.12200704869170431,0.3203772728450592,0.2566339236776124,0.16983669481532013,0.4677762225020545,0.5515427371151909,0.8592214986040781,0.5018069430659692,0.5908545044750796,1.2857899175744727
0.14151896801105904,0.20459103837478126,0.2422608585967025,1.5307098510694988,0.3893207005007566,0.2507433030729472,0.48959354214933143,0.3647479202553866,0.41703617811148636,0.31296756201381926,0.20305680539738263,0.3718811776898304,0.6093106612473572,0.8265040662899027,0.8584839288088659,0.401196575379277,0.4177295714595854
0.2296894240339187,0.12609439725904587,0.1974619207750662,2.352540123787067,0.4802861794736744,0.4282879018824556,0.30337148990608664,0.5470377891306143,0.3111086795955786,0.5342950702765661,0.22444011959669566,0.23581548654733847,0.3982316317723329,0.7885879638005515,0.8058125872775538,0.1108356099650302,0.7774665232129186
0.1323821649332595,0.28787543956388006,0.1544716022809435,1.2194313605520035,0.28523354733568235,0.20924721256232068,0.5214873660542442,0.4352521866370709,0.369977241108775,0.46176086844667574,0.3356229215731366,0.24471097499650935,0.6339822723228733,0.7390476647073104,0.5921596306722106,0.5688509653842146,0.5652606416770283
0.16122975410518828,0.1445629859155248,0.17858663221710913,2.824635884213384,0.42609322666911564,0.4144304367380621,0.3049843562551573,0.35915618529757554,0.40723166268560346,0.3100448569412293,0.15066687370300738,0.49458997939656846,0.8207498941593191,0.5454273097530942,0.13548726389536694,0.1559675842235808,0.6565538358266723
0.16817063696458068,0.2648283219020189,0.22103081638694722,2.981434350587759,0.3607507826180072,0.45752980294304496,0.41125040660857093,0.4119280159251878,0.14897406420081094,0.08503750245010874,0.2250720701635378,0.11774178807312953,0.09059089025872318,0.17907635533988314,0.6717949486983968,0.4933491718165416,0.6560057222811928
0.15932455946590357,0.2124672540067471,0.14913179691166528,2.297583448463163,0.299249469291491,0.475547776144525,0.3069958884575256,0.40486427073976583,0.44327066210563265,0.44707153034030434,0.20879501625172558,0.395045868169839,0.8022243175867206,0.27316684385225165,0.1987266970346081,0.7987519432484615,0.7139611980083
0.3128313151615208,0.1430263516235078,0.2649416861031264,2.230226547471598,0.49615116389785624,0.5330036279280399,0.272407607520872,0.10942875291676846,0.18545511833819217,0.2956975142219635,0.2339715339046639,0.4211691131724776,0.714889022033607,0.7357451162796552,0.9344454501237545,0.35119904219223813,0.9936882553821434
0.2951636955547622,0.20714509276509438,0.09823112896102383,2.4125124304301093,0.49156850512859185,0.5026930845098502,0.2875819389327012,0.474258527595807,0.16331252981984917,0.3017456910559955,0.17285242161196504,0.3653508145360586,0.30362955721393414,0.8373225268697299,0.32012284712872285,0.12990936017856353,1.4245944794657128
0.34103986630245947,0.23452798295009425,0.2500250803664822,0.8604321891889047,0.5433835802223952,0.380992773874242,0.22327873773692677,0.4086896716903423,0.42752066432904046,0.5761370042504247,0.26833085530136597,0.22693339808508872,0.6684476196071447,0.7811893080417776,0.4038196440659304,0.2783331915339587,1.089743558601902
0.20090837321731303,0.19049295431231766,0.19909223819054775,0.8181949027462632,0.4778055457703255,0.4109769473913564,0.45257980948720355,0.307013094037736,0.09343241486609474,0.5458890937921133,0.18027323410064983,0.4022633667605651,0.4744272598153516,0.20919418594001624,0.6919081031408263,0.9096962468550791,0.8697738937262043
0.36431791534133046,0.20153262910074593,0.1560365194714511,1.9967158883817442,0.3939105849335268,0.26566997850812113,0.26740639156411633,0.36990072314328315,0.5353202574872049,0.3537189900782427,0.10516009518687434,0.4372466251968987,0.9519546158210017,0.24386033929647877,0.3171002769697764,0.8602783363847532,1.4300660330709323
0.24456858619745242,0.26350689902894353,0.20275480666291118,1.6153594186672184,0.30173309201203924,0.3766453982520489,0.3989785151740685,0.48595755024670956,0.06234042219099811,0.5328810638409686,0.21606813913152195,0.6683924659569139,0.6058632840907409,0.6222220158907373,0.8077741483846737,0.6123671747929533,0.7685515041459441
0.21731562575330482,0.14793970149591423,0.16896913350031,2.1974658370711104,0.47326369144419367,0.23866818334040826,0.5016075657092858,0.24094735068897283,0.2816238067218032,0.5794678983365923,0.10420707881855998,0.915909320561584,0.9449067920751039,0.44071673896132574,0.5772050731059011,0.4220626997632431,0.8786082585418488
0.3281539695410435,0.29154509042290905,0.09441946712375407,1.109651302884774,0.2569743867034193,0.37034749771774245,0.3482944018799843,0.05734067246447843,0.56868524051551,0.13501825017853272,0.1417519752750126,0.927951853762146,0.5299111063656646,0.34581563723125386,0.015705789097815396,0.0025444145384844867,2.2596148887437737
0.222046480241528,0.11091484104879437,0.16247155318294754,2.720671841900044,0.31044143492841303,0.3107110248040694,0.4398998894019058,0.38354379671552363,0.23915683903055296,0.5735912287622805,0.2554963645150085,0.4289864453413406,0.3456882990620023,0.6024845188842676,0.27300577139321325,0.613869229015342,1.0521863653894064
0.34632869471979705,0.1514033198105974,0.18640135445677797,2.634459231339805,0.5926777028385571,0.2729411382382151,0.2434823791443944,0.49478156967980225,0.25998449988710054,0.30108486739857443,0.1743283333704108,0.9301560164727183,0.9692433179836714,0.36133573335849223,0.5098646669509049,0.2526402195836377,1.136701587861747
0.13787532161491298,0.24597318301488616,0.09955642271648853,0.9880486551044995,0.43445484340943674,0.41877927543890237,0.44082456406516174,0.1534312636195596,0.1398253946344799,0.11856657725695707,0.1951664362475175,0.8118422045203455,0.48490685445321335,0.21775679230751127,0.6421408604572504,0.18753578665918905,1.0455779505323304
0.29731450403186765,0.2958167888805673,0.2377654408182771,1.3531530183659337,0.3308195571967071,0.3456229345894577,0.5151354491925519,0.5800945064658545,0.319496802577228,0.19675748072712262,0.21060496797741568,0.5401444742568042,0.797578497711755,0.9785112445724157,0.0017923532835124457,0.8713687371959478,0.7169253143562349
0.3217836163308866,0.1636516705824185,0.1761161802188041,1.5927171119812669,0.41753083203874053,0.3548278181379396,0.2256192758177011,0.5934001220200995,0.46161924110554803,0.505715632722437,0.1365924881995815,0.8545612369419784,0.024053263830264876,0.7718334581757037,0.5394518939152463,0.1958045379098329,1.1163127728209405
0.18851215389401627,0.1696267257996849,0.15364389662276506,1.8540080830821406,0.3062782108510017,0.2894420096611152,0.20607280315887608,0.47769890030396406,0.2461230349179898,0.4677430584375868,0.22116338245398637,0.8075584423278885,0.9255493169787453,0.6857435702916036,0.7958741008787318,0.6433803625309484,0.7667688808755726
0.14268936560148732,0.21801177918733328,0.273108125803705,0.8686459441170619,0.43666639289306675,0.46716459989463754,0.5365145488596214,0.5828827446788499,0.272316127657682,0.23514730649561616,0.22170002605233272,0.858840161610683,0.3298401056618441,0.39113083707800467,0.8948736844173291,0.49146792267194933,0.4243704338549837
0.23137487216796238,0.29094268406252616,0.28969338125341604,2.832964031471244,0.5176569262255379,0.48236634102324455,0.25313202833360715,0.23621910176059996,0.20227964399702564,0.28207306815840677,0.20582616504073803,0.31938222088693596,0.051445831198143915,0.5331901348457753,0.9125709594698393,0.3410980407203726,0.6055221013841804
0.324663368794362,0.12211060457858436,0.24324768904938399,1.9678093170588495,0.5040106699297735,0.3793642844369085,0.32633637166244556,0.3969061905822075,0.1616844629871343,0.09193683158837873,0.18489603484100997,0.5082075845342676,0.99049481017283,0.6954798598220306,0.9508935959413657,0.3965280826791549,0.9382332944589268
0.27513717318131836,0.1291702201151965,0.17129358879402035,1.5070070244373768,0.5381723335607401,0.47501953485200654,0.5333097191820506,0.47619533416753884,0.2920558816667285,0.5403697005770042,0.3242962881666144,0.6792571758313568,0.2972060978161202,0.468392023650063,0.6229335199966936,0.05958665779783111,1.4002334980989959
0.30102471335833236,0.22782821196627864,0.15516722850932554,1.0053247506737801,0.5139189808614304,0.39449114524153217,0.34458294508946424,0.5577470361161477,0.3682470274567185,0.4256247335745472,0.11322180869234813,0.05279767857355918,0.48169321947816657,0.9679384721687597,0.7898235421396381,0.5762891155072205,0.9446676274285728
0.35262801116266007,0.2754070863117081,0.0834749078559702,2.501856233250689,0.4333490065422878,0.5054641456416349,0.33148324253182726,0.5201354833207478,0.12703557794257236,0.38967070810194565,0.2926676704151049,0.10933483270772817,0.6390808085857563,0.6526366702872055,0.40182788280793336,0.7135183454301238,1.7098354055769254
0.33697848670283936,0.2314369610427223,0.1636377073800084,2.73812545016823,0.3261420033241248,0.2326091089817144,0.5349908926054598,0.28821651057014186,0.32474787700613633,0.1928337190786738,0.10236434184571805,0.06516830193258318,0.5342809956147051,0.48522419271942413,0.6653439300997054,0.27375752539428244,1.4236412296937448
0.314573820037793,0.13269643272598286,0.25309906174215907,1.239628152502068,0.4120845321340084,0.3721492337722626,0.33544311585774234,0.17945317834252095,0.36614886555868337,0.20819086240620105,0.24253528287550763,0.22079895233613708,0.04437199684958519,0.4437078170635275,0.6996873857884913,0.9965948494349284,1.1696407294446687
0.28397667702675916,0.2566677738051165,0.1329604948464494,1.143734688120172,0.4532955255341566,0.40653842535048146,0.41081213575054853,0.36683266253328095,0.09812497571571893,0.3075452243185102,0.21969850561548282,0.14870914052233444,0.3579283553216288,0.6675350580173085,0.3830461036316424,0.38861359764081804,1.363137620584533
0.14421984771342014,0.2119983866915086,0.26215818501800703,1.2596630827997246,0.3178566659764498,0.40438443912097805,0.5270705835312547,0.34745593236477773,0.22785917351668006,0.07756401228500837,0.13787394293284688,0.022846962488774037,0.7034083961399842,0.8841921749711593,0.20103795770735905,0.21369023524277206,0.43350610694467495
0.16940694008660856,0.22197280618189638,0.09563946768462597,2.642473249773077,0.3512362626784106,0.3915451102927947,0.3546885821534021,0.41076032752976005,0.5526211874276117,0.5599485146790629,0.25408696475007636,0.6652950459220821,0.3261531633381763,0.18126887642567216,0.9416916820520335,0.5069000118682029,1.1007544436536636
0.25418467673323364,0.2537987931504066,0.09368071300811824,1.4801452225379526,0.41230105039553333,0.4733835765631901,0.46369641849128695,0.5758905511781321,0.2517897984005891,0.2904175249373406,0.2985220879849426,0.47217788095534347,0.7876510450244826,0.2973075337804217,0.2962597563060557,0.7523412588665733,1.375569568351176
0.2503945745008808,0.24243528141770934,0.08623988504461766,2.4322431348432922,0.4565452098867832,0.4960289204005192,0.2651502346144601,0.431215420005563,0.05637866786754313,0.3751090567610979,0.29763618048128354,0.5857184799903916,0.985251178734384,0.9124734991777365,0.4069307318369103,0.5580462641610545,1.2187818027101285
0.21090637493276343,0.15933820963752868,0.14595079390710305,1.6976150171864854,0.45288143794792923,0.4808090896617488,0.20324440548953593,0.2231099064718738,0.06743559751463885,0.526206182834192,0.11000267307557099,0.9616695624317559,0.26663676601675357,0.009173023249134056,0.553685404071703,0.1255310922592142,1.391820075797286
0.34859194556160344,0.1033813727647153,0.23415700101218023,2.755226988224799,0.2912477541398081,0.31602182163472636,0.36428051517871884,0.2431073407879359,0.10048602239816304,0.5809244984508467,0.19275221943531784,0.6505268343037295,0.9208700203626754,0.2684209692833346,0.8833989811786622,0.811377268576452,1.2068271380501618
0.22358829718679224,0.1114357419327071,0.2267927709247538,1.128884137026307,0.336782695693582,0.5236058810068075,0.2766909271849722,0.28145635461530527,0.5324494466405076,0.33509746621314407,0.13580224487681042,0.6416416661622604,0.6664892895383823,0.849896045747544,0.21775673237448195,0.7434199251998219,0.7906169187776884
0.30631759717435075,0.2460686684560868,0.1307890595004484,1.7517413053439261,0.25387788480650586,0.25702372314476163,0.26918722723812927,0.18809039581614023,0.5104777777091101,0.3967528159010885,0.18698489617680736,0.8041644524306348,0.36369967503882794,0.8768592133819827,0.1715081579973932,0.7652930110267273,1.3080012397437568
0.17472070904716003,0.17765979982787794,0.19036973097655324,1.7433545024959454,0.5198955275635732,0.40108732596257185,0.4887575521955815,0.059429194019195726,0.21991147371167735,0.414740883412865,0.10135473565855031,0.8835842792209277,0.16018103425286903,0.1478283522619859,0.8972229037316948,0.3771656307482605,0.8549954650948479
0.35949469204736006,0.12101672553531151,0.11922587112113447,1.430623236997984,0.4974415830298145,0.36466274865595594,0.43021113150287404,0.23378078176112083,0.41494134478878225,0.2608414016901565,0.14024403903271226,0.5620054612304629,0.9764759692137589,0.2145826770693915,0.5462587826560215,0.7249304503082098,2.290642254537589
0.1386423316868605,0.2768277592724927,0.1260274226342788,2.3801583146879968,0.4316710727260733,0.24277706101581403,0.2593846228653425,0.3453287154315987,0.49760214242858464,0.38395268197101706,0.11631040797982399,0.6277051937946465,0.26302600684254157,0.07897307158534139,0.21486194607958775,0.6301427666636457,0.6628875849895609
0.13308114002421614,0.19578485826624292,0.2974307061537888,0.807846165297497,0.3833153977989489,0.4721188925508155,0.21912198883206774,0.0817544041144915,0.4699285795902231,0.23870887465534713,0.2514609650158507,0.16546780207041495,0.5323460591400678,0.32163295930664415,0.3521863403988792,0.7800075285953334,0.5265165047760927
0.16185575779087574,0.1127464483705766,0.12675923273410594,2.0313976399752556,0.3776895854354997,0.20714267112673662,0.38890568654875557,0.3026256241754764,0.25381509383442413,0.47757920998775516,0.24194973643789125,0.5954570280439275,0.05829978533318821,0.7676273612881899,0.8656609879819607,0.8672344569012587,0.8474806258872631
0.2901022982770096,0.16718800344715878,0.1323673204180317,0.8472870979765845,0.5262249120745102,0.4514623630077499,0.20193586656190254,0.4930298180900924,0.1106303268943993,0.4506831025953176,0.2998484274321046,0.8933814493425968,0.4559084597081814,0.5135429708077318,0.06007014626819105,0.04058949622702353,1.756936787446976
0.2556885766034953,0.2328554979555001,0.2111409344115484,2.992389466582588,0.44886119194064056,0.26365376954529585,0.4754520836535406,0.21203258541873865,0.2660182251119521,0.29325501094469436,0.32411995634127055,0.27175674016430795,0.5832541476344689,0.7532235739983233,0.7033449397456154,0.31027833898462187,0.8858636849217212
0.18546600596728785,0.2825152915920902,0.1487798745141904,2.4808863291987535,0.3282929576817207,0.5115532726663429,0.434821574226264,0.3634289776140387,0.4584043945787674,0.4337045211501186,0.2696644465989262,0.5755767542123728,0.659195180647382,0.05120707510282483,0.8155391978042066,0.5207157398086187,0.9153844990517895
0.19722026128360615,0.1823703078067585,0.1737779837717499,2.6125779034373897,0.2899740546662209,0.3577682726874551,0.4919874660194767,0.27094405615621675,0.2806336998955669,0.1261290023632507,0.2820462757551583,0.6803886801518951,0.707048175657233,0.16461724009638673,0.08204052872454012,0.49897617651632087,1.006190278819781
0.20969190216093242,0.2733395065212141,0.11109309583245333,2.396029887555427,0.5637391198459201,0.26133308205657735,0.22013396827315185,0.06319808730458752,0.08896788298259832,0.23226105445278883,0.19858927607805169,0.7082162370795263,0.37615513199307793,0.1548822880589816,0.25961879590066933,0.40541209933014477,1.3236412612783435
0.26586451046348014,0.17382250233162527,0.1143750789164365,1.7325209048484975,0.42721051667866716,0.49687608121682425,0.3334527291385193,0.11639718348186795,0.5890040978753702,0.3396958465555728,0.3163341671257797,0.2966517539302065,0.4024875793783344,0.056694871730297774,0.18464856670096105,0.5855928812143504,2.3244119512288055
0.2147497559448423,0.28461252912060175,0.2506864657776211,2.0693545907093904,0.39030026769856435,0.2871843122028659,0.5464012964266047,0.16346502690262654,0.4255401045156234,0.10132766727845174,0.34650814098253996,0.1563802019344215,0.9563828078290089,0.7218285066087323,0.2655265632149811,0.329901722212507,0.7006990304056897
0.28209904863365537,0.2971590535909716,0.2769398926171452,1.754880185515584,0.39631564295178817,0.24536775315114914,0.22955338671093567,0.5005092517117782,0.5597022751114411,0.15668861979008275,0.16025495249702548,0.4247001683776533,0.9134018101150939,0.4311230894923404,0.3792784356386674,0.9849622905045566,0.5996503249468725
0.2690248247859437,0.1243706462853523,0.2573245400413261,1.9409393918949733,0.2766647212573209,0.5143384979176981,0.4570390363003953,0.38408134629797036,0.24622672158881675,0.4816438615400188,0.3106545366852784,0.7895915097158432,0.3305089789783326,0.6730404566829994,0.4746330467754785,0.30753770038485456,0.9463562006059829
0.319629331701939,0.1307671153158755,0.16830555506522923,1.6307891511883925,0.57710619115791,0.3670974637971466,0.4721738768017795,0.39092708100829204,0.34173788818179923,0.457666357669505,0.2648200507563673,0.7525905982761043,0.2477816858664689,0.6611128328372339,0.9896140334718835,0.0856203035705631,1.438053996667942
0.1779739509966274,0.2096052946340875,0.1592698126637713,0.9123015429954855,0.29400287704185757,0.3349499707782019,0.31317175755843385,0.5406368731530702,0.39031698449853014,0.16832895560733546,0.15797069030263564,0.15222678348031143,0.3706142902074497,0.25221331274472025,0.36607790863790224,0.39768354938820466,1.0329958486291568
0.2893674754791714,0.14137207232114762,0.12388510344955878,1.558291265623827,0.5338489793348609,0.48499629013483453,0.3751308103573845,0.09339214654629391,0.4013027418305821,0.18127615755833898,0.30865399552916306,0.009164925430408633,0.12401573319778471,0.284285974923702,0.02848894737189843,0.44966826915501973,2.620577685532169
0.3034348604205238,0.17602729797352382,0.28146361678823995,2.5784955840146235,0.3168984613059019,0.5353675469313767,0.45813192892886095,0.12338871823844379,0.5217535254041253,0.3569206813798048,0.12396109134633027,0.8788035478770507,0.8586906924432939,0.9196719144238853,0.9470975531529847,0.436615861766773,0.7333346438280524
0.2045842039792528,0.23631750487239114,0.18277436673886904,2.9959708940664065,0.3467499472042336,0.22030276603036755,0.49160150325443724,0.19309778017646362,0.384681442672476,0.5944645071710948,0.22845439372280502,0.9176215906046467,0.8150347918969026,0.5753395257974544,0.4392988383849395,0.4713142528972238,0.7346976984794769
0.13064496337379664,0.26645550557177256,0.24159540439056815,1.5383962809997804,0.5481086665832169,0.5483917014742523,0.231087498211068,0.26052600499051914,0.473302882601756,0.115499528858992,0.271401491118308,0.23977274660590986,0.8670500920081012,0.23185174302368614,0.152143598925632,0.8212900529326246,0.43465850971353653
0.2622724955119058,0.19844774187257058,0.2227628784138404,2.039217358609619,0.3025454759404602,0.3436935103680106,0.438745186065047,0.449090689153977,0.42044113527267635,0.4695500061476449,0.11460872926938054,0.8401242496266436,0.3785968131795118,0.9608112823192875,0.6260631428284368,0.48397923823840255,0.6983428667893996
0.24112239150377904,0.2392683693128128,0.10758071102078393,1.694254521366094,0.4902280971726038,0.22189560453814855,0.5317187042000714,0.37212484019472786,0.5234126402972534,0.1036900998180991,0.28448973154017354,0.19794149389316473,0.8190429057398901,0.3953373937768673,0.008161009565861858,0.8298737203549696,1.2745575082637244
0.14635972033260172,0.13976609936675619,0.27540533313506316,1.8276074838957483,0.5708170347002561,0.42408453080252856,0.366995505924931,0.0847678515226242,0.36315089520426685,0.3143826659529677,0.1996737086414948,0.9538675749339437,0.9361595978093683,0.8360690389470391,0.8601978762675299,0.8042120923975635,0.3989777233590613
0.25105581305257657,0.10189158824156339,0.13007883476647503,2.9394084443401836,0.5491696761166647,0.24110464430618359,0.241019408583721,0.3153145357000653,0.44565459403176055,0.37402360138260937,0.1246190619067461,0.9898334482106805,0.7627932656607803,0.22877267182117272,0.14969283167320843,0.2867243100813826,1.3962844602000808
0.182137696755401,0.11934048509665046,0.2803217792637702,2.3163813129195487,0.5520478067605846,0.4555876626425876,0.2571012716468397,0.22471558774049694,0.47707903466324963,0.5491922687133379,0.17823805243337115,0.9432299728879231,0.6955649339607101,0.8039106569554441,0.21323610883285712,0.3655303233500813,0.4811144164201076
0.310936461503042,0.2502083799660191,0.1723215560809933,2.4232301331506485,0.5988990036151456,0.28233734721569903,0.41949687636590394,0.21700247234171482,0.09659541002070576,0.4004171080717627,0.29086736299778493,0.0699433516635873,0.49709682974299424,0.542028712462475,0.3738981353351502,0.28248779641160965,1.3658911675527994
0.3089295059413465,0.14584575172630626,0.2280528602386706,2.191220730610983,0.3399380198240315,0.4892438646560287,0.3624866197910878,0.4222035981977437,0.1403742768322423,0.15553937017622083,0.21770909410746048,0.6632215874689613,0.9367074855526362,0.4047251341197617,0.12122794645852934,0.755151638818914,1.0155886492323778
0.32413852659345266,0.24140126277154303,0.15846624273343107,1.0676249732459206,0.4717374025325543,0.37541449512947833,0.2446516419727892,0.3549511421345891,0.10213638243232967,0.35014334551349513,0.10794026199630688,0.43281839979292747,0.3950306976324788,0.7839190233090072,0.4833328694940263,0.7755895845872088,1.1407647878417786
0.17183325683539594,0.19601973819275242,0.11763629149413682,1.3665222548328178,0.273856294413646,0.3685870416145124,0.21512534473850906,0.21610050101588368,0.37209477984401895,0.2689561181545482,0.2964411253707935,0.07732766003999986,0.6432073795187254,0.8426201210588196,0.07885584870924285,0.4462445791752022,1.0590799503774075
0.2602343614865325,0.18320137319132382,0.24875611057375374,1.624734739476728,0.38825293072422434,0.2779600918567253,0.43337254496405064,0.14037843746452863,0.5408938756114936,0.2597284454543786,0.27765745479205184,0.8141327018143459,0.4138363991844313,0.44739142809787474,0.2968481347579814,0.6041981284524364,0.9577321567576685
0.205126926752261,0.17265638538762107,0.09743731104319894,1.2706200564749133,0.26979965767710273,0.5075836954674635,0.213825306115992,0.5664736248676255,0.42352598581207745,0.07250178408066377,0.21441212446149166,0.6072187239351347,0.7002671573662352,0.4530191901060995,0.8257746514441834,0.3151398207739779,1.4167058108611408
0.3725433015553876,0.25559608385145205,0.1663774735080631,2.1700836996666286,0.320622124778137,0.4262689393672681,0.3722561095853285,0.17572233960929562,0.16746095350329743,0.28708464728454086,0.12680852525049396,0.9511498394394002,0.11792879090895765,0.2252726828638015,0.7159376817242662,0.9290320916372127,1.3842043796942831
0.20001892672761157,0.1067819962967944,0.11853266882816364,1.816538720128606,0.5087136653446795,0.40967801429421513,0.38358107171086203,0.08597332087149742,0.0546177460692299,0.08864217806947935,0.3379419996161821,0.2851632709131171,0.21686443721908324,0.953255143378177,0.7726347116334814,0.4532679403385326,1.3681480775366976
0.3442543983998785,0.2586674887083412,0.14671926884005754,0.8348185942789846,0.5062337726866899,0.5228954253186444,0.20503565460671583,0.33650993570002824,0.05182692630933003,0.5663247253735633,0.2236724049665957,0.6359506871198107,0.01812119649144188,0.6060281647049761,0.4211876769492277,0.8353038239564564,1.4618080515632814
0.19071116922772346,0.13499346502826773,0.08983264822336941,1.4491387073782387,0.3474215892481274,0.5087581319929906,0.2975342723706483,0.3300440722651057,0.30633107145113625,0.1987405424279789,0.31244372670944676,0.2674760031008176,0.46477730185211974,0.8610561836192665,0.24322682141727356,0.42836341489418284,1.4790306641968374
0.2200803258017946,0.1884755054642078,0.1862007465781489,2.1295430159561928,0.5425492535556818,0.3392781921281992,0.23809919017107722,0.19928047296020268,0.1212433452464481,0.5310811950896991,0.3291337753865873,0.7901531233236891,0.3541030033980379,0.811891196579525,0.6516304979607933,0.3812781655973981,0.8645047491740495
0.18669234819547328,0.2720921369144257,0.2530642299551141,1.019191716087959,0.2924070040940541,0.40792951356191276,0.42236055625405433,0.09186510723529015,0.5662584980276475,0.053952071194729376,0.2075771324489486,0.3454182136292431,0.7213705104596654,0.3721205731102846,0.7315361895876438,0.1354940534675713,0.7910706575165051
0.33988957552646026,0.21542291127554203,0.1588454035619328,1.9787345035964807,0.4592288518338355,0.4530907841196769,0.23376065633795867,0.1852829015846818,0.12562294616827113,0.3386180516662331,0.24589118044287445,0.12432907841658145,0.11321173788019727,0.9400042998148544,0.7530277904995144,0.235156664471341,1.4464220353968622
0.3632092763556852,0.21975636017663452,0.20036728825571315,2.931081311065869,0.3548780886733964,0.24931632753394095,0.24278554969196897,0.5541702044644344,0.28310802685993586,0.5903600050082171,0.14296738464411365,0.7237789350785058,0.6773429726493535,0.02284694588491756,0.2909501765765381,0.37303591546560533,1.3633256864911396
0.2783269796367132,0.2301609147077511,0.09627839388799007,2.1715126394998014,0.44593874188588556,0.2961950151933307,0.2778303366399088,0.5523315733654269,0.4480617854658125,0.48315931110591454,0.18881444916923013,0.6728245020747307,0.3128287183209688,0.42236409662025737,0.13994631554592057,0.7064804231513724,1.3274668892542765
0.2790763977218791,0.2935643191036048,0.2390308733832272,1.7903705972501007,0.5131488886795974,0.5377794970241682,0.29466633316271496,0.10336171258552275,0.4519295419348219,0.4208443019976866,0.16304421965359978,0.30747856185268524,0.4263519754974759,0.482269887552849,0.821671803040333,0.9013107555320035,0.798411580643072
0.2948954683673646,0.12696549707550292,0.2589176650388603,2.2084048730158585,0.44263302238989033,0.34102169490029044,0.32467475354919917,0.37588970531910887,0.5641919525284517,0.194367564652549,0.33112670044170284,0.5173982447640937,0.8844922401022032,0.35419156631076176,0.5319833145741998,0.8098246936463417,0.937553953720148
0.28728899134279084,0.26088872944067376,0.23936829128263803,2.5926142135131425,0.323516478855723,0.5175776651617028,0.5404976912708983,0.15112397172005232,0.5456587882289329,0.2306656346987519,0.21862246668780627,0.46223646424973874,0.7113166543672419,0.2549769053610473,0.9460754821894507,0.18201206920927185,1.0988819770681695
0.25972686674419987,0.22910229280600633,0.20629525180888658,2.8720025207620896,0.41895188475137357,0.3521191746959298,0.39655133576272494,0.09745613194049538,0.3609148033700334,0.17212281677812308,0.34876531720606413,0.3062201957172795,0.5462524191722216,0.9865992451168191,0.46072030179445733,0.08927011135850808,0.9580380987252319
0.37091805991908644,0.1411752686793597,0.20554102049795908,1.0743206575109951,0.5749143313392586,0.41336242399434453,0.47884787660314426,0.2841343024347908,0.352489510902179,0.5123973059060909,0.22326495208468572,0.21831069777622597,0.687804129348849,0.29500601605025356,0.44678153378926116,0.38551960683954306,1.8780901951941595
0.2384754941404474,0.2964720608237891,0.15031555597697133,1.874534689287199,0.402795525196997,0.3207511470795371,0.5470307460985567,0.1273235102593604,0.2690994540877514,0.45458079027866943,0.29223484727137194,0.8319810761492912,0.28092953652746067,0.6923229001650827,0.9579451729897802,0.9832823131162042,0.895871276672977
0.3135841239098175,0.2891994756814943,0.10956836018523054,1.3424064718316875,0.4303522408037619,0.387314215999228,0.4517156765919874,0.13661962391001464,0.1060649308054667,0.3276331186217347,0.14425244276982938,0.3323023493767377,0.18820438583910343,0.6099578005454255,0.14359744496335655,0.22169062131016148,1.7587413531365839
0.27587075884949364,0.16526888524797603,0.16714355472187345,2.373231828070433,0.3149991843782253,0.3501368775815533,0.48565468657029964,0.5051860607051759,0.4365404602044843,0.5875843204436584,0.1786403901694255,0.12758503613151617,0.07025029793544398,0.11081118417973426,0.12942976993829156,0.8989739463288133,1.3020407416612458
0.15780871642169572,0.1153303096483891,0.20734778751133637,1.191194033167752,0.5231091801028948,0.2979147738330213,0.34583755228558244,0.5339069634925273,0.49204990655884495,0.22330463445333038,0.11717368062211994,0.34257307378644886,0.8124126658853288,0.6491705838005731,0.6934613897858969,0.4172919703960683,0.5237286277287223
0.2917944035971871,0.2975447687807533,0.2365100049584662,0.9557306465925508,0.3270461535764552,0.2998263769023223,0.4235819371395905,0.5778697050313983,0.5380351962725755,0.263485398775323,0.26329319370724785,0.6172546742495147,0.912196864109342,0.9368461545348161,0.8116742597060298,0.6955537712130433,0.7790332164485817
0.2698402095600536,0.15728497363900268,0.26690183937797607,1.869762306350846,0.47656311946639,0.45530850679981427,0.3169668858017275,0.29306178084075063,0.4692025807018952,0.32391576807398326,0.2592310550252114,0.9778873048898754,0.9032467138348181,0.891728775584489,0.6388462928595157,0.23234395138301886,0.7587081209303516
0.2634231174549633,0.21499794439742023,0.2575915835420162,1.1211487031790375,0.26741845643912515,0.48415178667922093,0.32334817939028826,0.1649123265277092,0.32538793806599836,0.487214998205666,0.3209098733467334,0.36137977269392063,0.6856363439362918,0.16798311181042846,0.003496199689193497,0.9999635583780357,1.0470463166175472
0.37816835490022804,0.16265453729836168,0.26342723858106837,2.307229480202003,0.5113758352282967,0.30176340439307736,0.3283646650730809,0.0689337721435741,0.5476383455290543,0.3556240591673852,0.27641392169089674,0.39251650710693997,0.4950668375954032,0.47549523211121464,0.3994093061611607,0.303477772511535,1.446758136552251
0.30458860827635054,0.1590656514610385,0.26799636004712046,2.6074294513179685,0.3356083910820069,0.4268528097103327,0.24705443999087554,0.10793124034518398,0.20620455646628166,0.48857161119722414,0.13864592804422965,0.7408804688786049,0.8058224348196025,0.970090944754213,0.7933332567347257,0.456282825307548,0.7900181063901599
0.2877187170966024,0.17489766190754202,0.27393076743346917,1.3849935618503473,0.5252027002179321,0.2585997256035706,0.5138716789486443,0.3783224537140638,0.17007094893703179,0.41132570057519463,0.32811563284990103,0.7772310009400649,0.8395177055595814,0.8701818117187373,0.983357237016841,0.9418136970490724,0.725844164502583
0.17844983083177307,0.18918248045516775,0.2916245835181502,2.9595316716541777,0.28055089717721515,0.44063636596076783,0.39198225486151156,0.4601587123309352,0.3536087059743752,0.41782209840745044,0.20238555343812759,0.1579358432489821,0.5409869597288487,0.9024498103286352,0.06903287433075833,0.4785863975877426,0.42315321076665197
0.30683314637638337,0.12599354777621752,0.14411005357720097,1.0331373109105892,0.3662656012561225,0.5209082436601598,0.3084820158818005,0.48941802628795955,0.06398249643290556,0.527891193761774,0.2569697783162995,0.9711218122529581,0.7674186973474395,0.5993903428344426,0.3077993811201443,0.5338923040482315,1.6529014513943037
0.35190393340194825,0.2849696382868658,0.14498775691904456,2.70092189733735,0.40141550902432654,0.3842083891612565,0.4713860787532953,0.300662016400494,0.4821930990025827,0.42908785075307426,0.10583690234219412,0.00178139650747282,0.5621952372078204,0.43776026073469143,0.35493021454861745,0.5273827312157517,1.4158574645819693
0.16609363886781836,0.17865702677966327,0.2720840383877485,2.140314749499278,0.596308118564463,0.21769365839673488,0.4819922943950935,0.5127167611255352,0.2902961929789137,0.5419591477573497,0.2751825972284039,0.6967577137235709,0.08521971637266386,0.6547337483432971,0.01302680520681836,0.16268117089787085,0.4265024964522598
0.3481872201587136,0.13672274355637126,0.22847796768954404,1.3776891346338722,0.26808614849256945,0.42178394233498623,0.5258710748382935,0.5578699631944213,0.08306138654316135,0.36699978384350807,0.21111287160495773,0.737575228636116,0.012318725649847146,0.08925797577095877,0.9803745662469757,0.5564423829105508,1.5844231620691862
0.15693818779844848,0.24012345289663573,0.21020399976355963,2.952448374549162,0.4234400785267931,0.3042959781766337,0.5251114558574907,0.23045504871101674,0.18111842477096207,0.5673444113297855,0.14678136232094363,0.5328786668995138,0.7330555332006525,0.9158105048113503,0.24476252634418577,0.2989807235322933,0.44978426640027125
0.2891140109587782,0.17197987674447038,0.28830522239290357,0.9754866912139346,0.42180165004117354,0.5312628023142428,0.27446484268370935,0.19618607149916073,0.378808879377456,0.4771661438936153,0.2002767509898675,0.4550846231095062,0.10979187440302199,0.0042504358510878,0.33191801044445585,0.7018705880705466,1.2568465572168794
0.3403782474017303,0.11240056027196339,0.14021818305602693,2.2043011039068086,0.44636717035537626,0.3511215304985609,0.28538382854645494,0.5914036170310251,0.46466865583730893,0.1897672391527262,0.19144282825981246,0.20253224234662667,0.574252397278727,0.18872324416458935,0.43373020429127435,0.20689954808658273,2.095105400563046
0.1709497937363411,0.1171251100327774,0.1348977512741492,0.9970259300284492,0.27316945259044423,0.44165775825567133,0.39981607379228407,0.4972583533697941,0.35448796563980356,0.3159177856501873,0.1520049536645733,0.6003981098048209,0.3881228156639655,0.20151008704762216,0.2201582735925941,0.9329398417391872,1.0532286389253456
0.1831374990478467,0.10053324694050923,0.10805374508275341,2.7996723128962575,0.3555067407895962,0.25462691221932987,0.466083491916739,0.06508059380039613,0.5175480504870061,0.43071405703514093,0.3321144988546411,0.14051967096417992,0.5840054664181805,0.5103623901322879,0.28044047656393783,0.9908084251008356,1.3464210693720478
0.3055785520297024,0.16450762170878935,0.23122446406806108,1.344607049105872,0.25001893553239957,0.29082073351982163,0.3092910134798671,0.05275221674482052,0.5068036606485226,0.1242105713032594,0.1721684065216681,0.006185351535323151,0.8408317421565749,0.3333832520197887,0.8789081226758556,0.7396591024543459,1.2792940722916246
0.26519184499241244,0.19136597580654885,0.18834105154114467,2.7736572518095954,0.3588598695595807,0.41664816664700866,0.2791681735659187,0.33464636734532704,0.11834708853279476,0.543562872100984,0.34504600186100676,0.6223749887012108,0.28655049423876106,0.925095248099874,0.9236237643734906,0.8932599950785391,0.8780968005994871
0.3081701037718186,0.21896885327766677,0.1224692926791874,1.1543052182459528,0.5821380554898514,0.24873504426827736,0.30158941177169274,0.5678499805506501,0.3581373564431423,0.24849956241888155,0.22636181934616265,0.6961108167960044,0.20575716165390648,0.0969382799337949,0.2612039110347257,0.4371366244679889,1.6726394474446782
0.23457832568270376,0.25627773975537943,0.11078249415317391,2.566469283849079,0.37864274903213135,0.25350436719660785,0.2653996206248,0.05407008858754045,0.43145730334732035,0.5589902182653439,0.10708684191806572,0.7827313316904478,0.7822790423765229,0.27929357642529373,0.77673183323881,0.9374434640686621,1.0756699032361017
0.3265036340963442,0.2805689129728949,0.17956805751294763,2.5720154285369414,0.5688065178624839,0.5199379785177377,0.2538170236387822,0.18263405930089477,0.32940870540401235,0.20150362326698434,0.288593483393839,0.333774837993814,0.8759677150324802,0.5089262409785484,0.8812088821928568,0.9781637537451231,1.0718355598991904
0.3633695625516773,0.1771848954183528,0.09058937007937128,0.9081797252010257,0.5214877406436302,0.28433955874452577,0.5057874286463617,0.47980639771775135,0.4405457374842955,0.08690937303396631,0.3408862777902461,0.7691561920771213,0.7171215387673795,0.38907609420680705,0.5406869705963924,0.6898165137870358,2.447435781243009
0.25796169678628256,0.20351655003383673,0.2219470031005013,2.0170445927612786,0.3708694786286067,0.2623262442645712,0.2805009620529738,0.24934602429173347,0.5282103691499278,0.2748684008423581,0.3002230406125499,0.5724481127672628,0.4315059460081267,0.7156940632680292,0.9768487906644362,0.8951653787907344,0.8137449213350141
0.16558355425166854,0.2985933463047451,0.27901096804421044,1.5718030876380373,0.4863521060746485,0.5411506606731139,0.2702018612415672,0.5784670827775122,0.17114808155854683,0.21140012523673474,0.34478328630265154,0.5334123246737291,0.03704477170455333,0.7537306422813022,0.430209015291344,0.17363372747891945,0.40821408913858875
0.21330158138712463,0.13749577830270382,0.28802389494992714,2.9742857149232007,0.567426990207138,0.4003922806673797,0.5344219792933556,0.45120839819004777,0.4141339904335891,0.32267108365492286,0.15283752227208414,0.44122072361600084,0.7549829860479785,0.4073393949785435,0.059727870034668396,0.42609626297292097,0.520242416088722
0.3742492609513166,0.27468752234193444,0.24580654277526298,0.941555073944807,0.2976613931722127,0.5155112780832689,0.3192027397024128,0.5488864450789206,0.5030511838274804,0.10840372115810684,0.2718796897866409,0.3370472813468817,0.25573229293688204,0.09303325702172373,0.604780495947868,0.028468665238222474,1.9387526070780818
0.1520556008364392,0.1679112009588413,0.13671316197692154,1.1014634854239234,0.5873653722694638,0.3805821603940529,0.49559446882146707,0.07693997678402503,0.5917695444915232,0.18734624142783501,0.1897664033347836,0.48504204416017876,0.6151895568931331,0.7423843672467832,0.35923364179653033,0.9866960797526817,0.7791759313085356
