day,S_s,V_s,E_s,I_s,Q_s,R_s,S_t,V_t,E_t,I_t,Q_t,R_t,S_l,V_l,E_l,I_l,Q_l,R_l,N_s,N_t,N_l,S,V,E,I,Q,R,N
0.0,20796.33923969697,5199.660760303032,2.0,2.0,0.0,0.0,1496.0133086342657,203.98669136573432,0.0,0.0,0.0,0.0,704.0062628867132,95.99373711328674,0.0,0.0,0.0,0.0,26000.0,1700.0,800.0,22996.358811217946,5499.641188782052,2.0,2.0,0.0,0.0,28500.0
1.0,20794.278227139333,5199.341261951142,3.0420009380668924,2.421999553324067,0.4472575313706655,0.4692528867660054,1495.97810501004,203.9833552576207,0.030212802458589552,0.007251014033282449,0.0005427726007234369,0.0005331432470106998,704.0007863614691,95.99327039789736,0.0046610025507239335,0.001116679432454609,8.352149326305571e-05,8.203715708722589e-05,26000.000000000004,1700.0000000000002,800.0,22994.257118510843,5499.31788760666,3.076874743076206,2.430367246789804,0.447883825464652,0.4698680671701033,28500.000000000004
2.0,20791.616939678035,5198.928691128235,4.20668526232026,3.1671288500769763,0.9534766287839226,1.127078452553372,1495.9316332990165,203.97895128085887,0.05781416811337341,0.024180399208916993,0.003599045349479602,0.003821807453336494,703.9934711720751,95.99264698744169,0.008993230565039303,0.0037431007009838934,0.0005556224582224023,0.0005898867588759354,26000.000000000007,1700.0000000000005,800.0,22991.542044149126,5498.900289396536,4.273492660998673,3.1950523499868773,0.9576312965916246,1.1314901467655842,28500.000000000007
3.0,20788.0310386281,5198.372748701321,5.734275293596625,4.237938105078767,1.5745709901028646,2.04942828180495,1495.8677032942267,203.97289276874417,0.08912848957915397,0.04793232139274642,0.010420855910904782,0.011922270147079448,703.9832972582951,95.9917799485412,0.013988991200059107,0.007469859918534723,0.0016160957062101916,0.001847846338813506,26000.000000000004,1700.000000000001,800.0,22987.882039180622,5498.337421418606,5.837392774375838,4.293340286390048,1.5866079417199794,2.063198398290843,28500.000000000004
4.0,20783.150804475816,5197.61607997724,7.810389378205657,5.722854392283896,2.3691090797381285,3.3307626967234576,1495.7794392370333,203.96452803987012,0.12852756694211526,0.07881218645776567,0.02186935107629673,0.026823618621179345,703.9691436092694,95.99057374175888,0.020328457555542478,0.012368218053370763,0.003409173003278627,0.004176800359432849,26000.000000000004,1700.0000000000007,800.0,22982.89938732212,5497.571181758868,7.959245402703315,5.814034796795032,2.394387603817704,3.3617631157040697,28500.000000000004
5.0,20776.491147717457,5196.583407058903,10.650016845539731,7.765529410699846,3.411202974595247,5.098695992812867,1495.6578892484386,203.95300857791614,0.18039117126205506,0.11887508788459036,0.038938425577299395,0.05089748892208728,703.9495561140307,95.98890443500333,0.028699527730777972,0.018774755882964938,0.0061023096334358665,0.007962857718861783,26000.000000000004,1700.0000000000007,800.0,22976.09859307993,5496.525320071822,10.859107544532565,7.903179254467401,3.4562437098059826,5.157556339453817,28500.000000000004
6.0,20767.393922686468,5195.17255179067,14.537290498259926,10.56866986028614,4.799447807147414,7.528117357177129,1495.4909077946356,203.9371830470504,0.2500544441584021,0.1715688301243992,0.06304127486912847,0.08724460916259963,703.9225630019844,95.98660397020063,0.039950198251994265,0.027242351475931008,0.009929654539270118,0.013710823547809932,26000.000000000015,1700.0000000000007,800.0,22966.807393483086,5495.096338807921,14.827295140670323,10.767481041886471,4.8724187365558125,7.629072789887538,28500.000000000015
7.0,20754.959875676017,5193.243821121065,19.8587873208726,14.411776006924173,6.666761218428602,10.858978656699994,1495.26186329703,203.9154746652572,0.3445248577834924,0.24184493103458962,0.09623377402745292,0.1400584748676959,703.8854631141902,95.98344211013207,0.05520291430259523,0.03856324022222946,0.015227096580754277,0.022101524572070486,26000.000000000007,1700.0000000000005,799.9999999999999,22954.107202087238,5493.1427378964545,20.25851509295869,14.692184178180993,6.778222089036809,11.02113865613976,28500.000000000007
8.0,20737.95868946878,5190.605939282165,27.14317569661117,19.678795024684163,9.193086095523606,15.420314432240563,1494.9479384161443,203.88571984194036,0.47325761243485365,0.3365555099907299,0.14145314256246566,0.2150754769275946,703.834548135534,95.97910274896951,0.0759786938156571,0.05383591901307591,0.022470710387736764,0.03406379227995877,26000.00000000001,1700.0000000000005,799.9999999999999,22936.741176020463,5490.4707618730745,27.69241200286168,20.06918645368797,9.357009948473808,15.669453701448116,28500.00000000001
9.0,20714.70727737576,5186.996949694111,37.113517983881536,26.89692680755048,12.622264324103375,21.663063814600285,1494.5178226652206,203.84494897481974,0.6491365812122372,0.4651059807162657,0.20281629488686992,0.3201695031446082,703.7647253823112,95.97315173225167,0.1043552844135129,0.07457209446322652,0.03232528579598753,0.05087022076433362,26000.000000000007,1700.0000000000002,799.9999999999999,22912.989825423294,5486.815050401183,37.86700984950729,27.436604882729974,12.857405904786233,22.03410353850923,28500.000000000007
10.0,20682.90472976045,5182.058193953377,50.757609939881334,36.79010540484944,17.284395119116333,30.20496582233755,1493.9285569830254,203.78908640286647,0.8897832264452038,0.6404040739232372,0.2860124388243882,0.46615687491579705,703.6690010056126,95.96499275160265,0.14317960146991268,0.102851123006338,0.045708298029557795,0.07426722027882467,26000.00000000001,1700.0000000000005,799.9999999999998,22880.502287749085,5481.8122731078465,51.79057276779645,37.533360601779016,17.616115855970282,30.74538991753217,28500.00000000001
11.0,20639.40916083545,5175.298903192592,69.42242089469728,50.352490975350214,23.625114493083416,41.891909608837025,1493.1212129294966,203.71253901964303,1.2193315611115363,0.8801976710341495,0.3988226699461026,0.667896148769003,703.5377702398266,95.95380673952293,0.19635761538514052,0.1415377535433654,0.0638745916104144,0.10665306011141114,26000.000000000007,1700.0000000000007,800.0,22836.068144004774,5474.965248951758,70.83811007119395,51.37422639992773,24.087811754639933,42.66645881771744,28500.000000000007
12.0,20579.938013233732,5166.0482115379045,94.93970409443182,68.94931389691139,32.24319621137894,57.8815610256533,1492.0149841160846,203.6076327245604,1.670842187869209,1.2089469223756473,0.5517988355969075,0.9457952135136637,703.3578427578575,95.93846858395138,0.2692513800543614,0.19458780073612153,0.08852716891174099,0.151322308488855,26000.000000000015,1700.0000000000007,799.9999999999999,22775.310840107675,5465.594312846416,96.87979766235539,70.35284862002315,32.88352221588758,58.97867854765582,28500.000000000015
13.0,20498.66925001287,5153.390475324707,129.79075692547568,94.45499350180906,43.93747981727721,79.75704441787074,1490.4991211639262,203.46384132072566,2.2895817206049984,1.6604458192875264,0.7591305623592716,1.3278794130966567,703.111104524596,95.91743266525005,0.3692231713899677,0.26747838556632236,0.12195917144024816,0.21280208175736592,26000.000000000007,1700.0000000000005,800.0,22692.279475701394,5452.771749310683,132.44956181747062,96.38291770666291,44.81856955107673,81.29772591272476,28500.000000000007
14.0,20387.71829252554,5136.078858779631,177.31774915238495,129.44147627218143,59.762845233995066,109.68077803627752,1488.4219642504006,203.26673435762922,3.137455355929813,2.2815021784693283,1.0397146259696977,1.8526292316018729,702.7726832787971,95.88857571532742,0.5063797833884445,0.3678161031984504,0.16723014698752345,0.2973149723009445,26000.00000000001,1700.0000000000007,799.9999999999999,22578.912940054735,5435.2341688525885,180.9615842917032,132.09079455384924,60.96979000695229,111.83072224018032,28500.00000000001
15.0,20236.467328913423,5112.421474162624,241.98504479509756,177.4328524528091,81.09210620713064,150.60119346892702,1485.5761234123659,202.99654865111896,4.298940740045359,3.1371136220867615,1.4184046494568343,2.5728689249266594,702.3084414474289,95.84898165058796,0.694585641124953,0.5062003639698247,0.2283744802265596,0.4134164166618054,26000.000000000015,1700.0000000000005,799.9999999999999,22424.35189377322,5411.267004464331,246.97857117626788,181.0761664388657,82.73888533681404,153.5874788105155,28500.000000000015
16.0,20030.735612219265,5080.134530663299,329.6821858112544,243.24461422476517,109.67526027114843,206.5277968102755,1481.6786494651728,202.62626401277456,5.888900517171882,4.317753746660203,1.9273467000329187,3.561085558188157,701.6715675105371,95.79464823858434,0.9528290973764748,0.6974536720097096,0.31062922752396643,0.5728722539684268,26000.000000000007,1700.0000000000005,800.0,22214.085829194973,5378.555442914658,336.5239154258027,248.2598216434351,111.9132361987053,210.66175462243208,28500.000000000007
17.0,19751.815619443038,5036.159667301091,448.03194073594415,333.4231613278883,147.6782146988211,282.8913964932272,1476.3449585615797,202.11904786089357,8.062561069555654,5.949581519579962,2.6071771174009903,4.916673870990731,700.7979888682348,95.72009082806811,1.3070318168892967,0.9623741087977276,0.42064938214033554,0.7918649958697335,26000.000000000015,1700.0000000000005,800.0000000000001,21928.95856687285,5333.9988059900525,457.40153362238914,340.335116956266,150.70604119836244,288.59993536008767,28500.000000000015
18.0,19375.480109939126,4976.4502830157,606.6121030567274,456.78251792421497,197.66990035392936,387.00508571031355,1469.055477385627,201.4249376824641,11.027651281095672,8.208519456342813,3.507668922308177,6.77574527216277,699.6002986770345,95.6178147610595,1.792379449417085,1.330209014888596,0.5666501779614229,1.0926479196388243,26000.000000000007,1700.0000000000005,800.0,21544.135886001786,5273.493035459223,619.4321337872402,466.3212463954464,201.74421945419897,394.87347890211515,28500.000000000007
19.0,18871.23839348212,4895.751713786565,816.883527163153,624.9859467683394,262.51051577727685,528.6299030225583,1459.1152391706223,200.47672474591755,15.057619018075709,11.339018182405027,4.687175192923132,9.32422369005698,697.9599854583466,95.47763454612404,2.456138504294021,1.8420672577837156,0.7583806132028716,1.5057936202485753,26000.000000000015,1700.0000000000007,799.9999999999999,21028.31361811109,5191.706073078607,834.3972846855227,638.1670322085282,267.95607158340283,539.4599203328639,28500.000000000015
20.0,18202.434354313158,4787.440732570125,1091.4139361000523,853.0074216476147,345.0832479588792,720.6203074101821,1445.6098387156003,199.18526258310897,20.50240851990751,15.677488296117932,6.2100597016496515,12.814942183616283,695.7180899285393,95.28584347903723,3.3606274016187077,2.555421301564647,1.0068100989427655,2.073207790297284,26000.00000000001,1700.0000000000005,799.9999999999998,20343.762282957297,5081.911838632271,1115.2769720215786,871.2403312452973,352.3001177594716,735.5084573840957,28500.00000000001
21.0,17328.252032316504,4643.560249056265,1441.7416225578265,1159.0516951732557,447.82934510375213,979.5650557924059,1427.3677433760386,197.43499195324722,27.789209841575328,21.67741149241155,8.141510666471172,17.589132670256884,692.665227967511,95.02430224322491,4.585469594976296,3.549487242383514,1.3234433796985132,2.8520695722056564,26000.00000000001,1700.0000000000007,799.9999999999999,19448.285003660054,4936.019543252737,1474.116301994378,1184.2785939080507,457.2942991499218,1000.0062580348684,28500.00000000001
22.0,16209.295277026644,4455.2994582636775,1873.9142966827862,1563.1756422519768,572.1039892195802,1326.211336555346,1402.9524120515762,195.08170138678554,37.39674411676269,29.92769957725362,10.539981670598285,24.10146119702445,688.5338476663925,94.6696740679142,6.226905641764031,4.9305256559880295,1.7193164390740674,3.9197305288670945,26000.000000000007,1700.0000000000007,800.0,18300.781536744613,4745.050833718377,1917.537946441313,1598.0338674852185,584.3632873292526,1354.2325282812376,28500.000000000007
23.0,14818.511377791334,4214.266301229855,2381.049465131219,2083.392496106981,717.494545136142,1785.2858146044773,1370.724943852463,191.95620742985065,49.77903772900746,41.14516847821364,13.449220341883214,32.94542216858288,682.9984014962918,94.19327070225327,8.390510448960564,6.834500519909352,2.2039957209546506,5.379321111630386,26000.00000000001,1700.0000000000007,799.9999999999999,16872.23472314009,4500.41577936196,2439.219013309187,2131.372165105104,733.1477611989799,1823.6105578846905,28500.00000000001
24.0,13157.836382882666,3914.8715445116572,2933.66929687838,2728.1734612420464,881.3556321128656,2384.093682372394,1329.0351839004045,187.8795639826135,65.20939410517312,56.11117305667727,16.893532815256215,44.87115213987632,675.6929335015013,93.56230949670051,11.171854735023516,9.422580899344823,2.7851787211476156,7.3651426462821075,26000.00000000001,1700.000000000001,800.0,15162.564500284572,4196.313417990971,3010.0505457185764,2793.7072151980683,901.0343436492694,2436.3299771585525,28500.00000000001
25.0,11276.414495333707,3557.698765922606,3472.3195349044126,3485.5126140894586,1058.8342466038625,3149.220343145964,1276.586872143933,182.69501656092567,83.53981855858939,75.51662412689129,20.879883838065762,60.7817847715958,666.2566103488696,92.74351027964488,14.621306619165304,12.863134252212554,3.469485839758736,10.04595266034897,26000.00000000001,1700.000000000001,800.0,13219.25797782651,3833.1372927631764,3570.4806600821676,3573.8923724685624,1083.1836162816871,3220.048080577909,28500.00000000001
26.0,9279.63757018708,3152.7705736132,3910.9421334257395,4312.174978549467,1243.4644083383082,4101.010335886214,1212.953590087845,176.31667993251773,103.93224472216262,99.70127069084755,25.407278141436556,81.6889364251914,654.4120027921985,91.70955960975378,18.695708750501325,17.295137183572336,4.264538630178982,13.623053033795175,26000.00000000001,1700.000000000001,800.0000000000001,11147.003163067124,3420.7968131554717,4033.570086898403,4429.171386423886,1273.1362251099238,4196.322325345201,28500.00000000001
27.0,7315.575872330448,2720.5531473280407,4158.624328225334,5130.484354808521,1428.133098042113,5246.629199265553,1139.083022874004,168.7826028008425,124.71478927924089,128.3304927126732,30.478977740679856,108.61011459256027,640.0630907661077,90.44755116803468,23.213994650003045,22.774183636797364,5.181597150372882,18.319582628684273,26000.000000000007,1700.000000000001,800.0000000000001,9094.721985970558,2979.783301296918,4306.553112154577,5281.5890311579915,1463.793672933166,5373.558896486798,28500.000000000007
28.0,5535.88987975208,2288.7551931607113,4155.2814437984825,5839.983726180993,1606.0468353226584,6574.042921785085,1057.5081661123513,160.28721502616264,143.5521890034426,160.1353968128038,36.11030753710235,142.40672550813812,623.3772054375202,88.96658006354465,27.845913706759486,29.21419732554546,6.237490577779842,24.35861288885036,26000.000000000007,1700.0000000000007,799.9999999999998,7216.775251301951,2538.008988250419,4326.679546508684,6029.333320319342,1648.3946334375405,6740.808260182073,28500.000000000007
29.0,4049.256912953245,1885.3667201304213,3900.3533648987705,6343.6193243482685,1771.3970947517453,8050.00658291756,972.0379370820842,151.16857731249087,157.98956461226288,192.88608315089692,42.32663514590281,183.5912026963629,604.8064765336775,87.300723621063,32.15733076813906,36.34941561719312,7.454737361962192,31.931316097965126,26000.000000000015,1700.0000000000007,800.0,5626.101326569006,2123.8360210639753,4090.5002602791724,6572.854823116359,1821.1784672596102,8265.529101711889,28500.000000000015
30.0,2895.319471588071,1531.3516063502332,3453.0566831968026,6576.734028668946,1919.6352399070731,9623.902970288884,886.9752607288061,141.84701085096145,166.16888184623045,223.69741886196914,49.150928911203565,232.16049880083003,585.0268418197066,85.50518345586258,35.70622513161455,43.74082335607026,8.859409036292046,41.16151720045388,26000.000000000007,1700.0000000000011,800.0,4367.321574136584,1758.7038006570572,3654.9317901746476,6844.172270886985,1977.6455778545687,9897.224986290166,28500.000000000007
31.0,2051.501621330396,1236.8233806095873,2904.300888866901,6523.562188564294,2047.4381859678729,11236.373734660956,806.2085980076467,132.74025641840626,167.35158818169833,249.59749632554485,56.5847140141186,287.51734705258593,564.8161118338413,83.64683170299574,38.14936630998386,50.83437298019204,10.47700077335001,52.076316399637044,26000.000000000007,1700.000000000001,800.0,3422.526331171884,1453.2104687309893,3109.801843358583,6823.994057870031,2114.4999007553415,11575.967398113178,28500.000000000007
32.0,1460.3545364807087,1001.8143385508411,2341.3425197087554,6214.679048816279,2152.503591996111,12829.305964447314,732.5716002675877,124.19167803031296,161.9956072887021,268.1420548839032,64.58815062141073,348.51090890808405,544.9224195390001,81.79311448734168,39.31174403524575,57.054083495293895,12.327056681045432,64.59158176207318,26000.00000000001,1700.0000000000007,799.9999999999999,2737.8485562872966,1207.7991310684956,2542.6498710327032,6539.8751871954755,2229.4187992985676,13242.408455117471,28500.00000000001
33.0,1056.8444348545147,819.8039769997116,1825.6213733183195,5710.678523086169,2233.3004582553917,14353.751233485902,667.6411119853599,116.43381425564971,151.4323016069622,277.84663909944476,73.06364981331419,413.58248323927,525.967705379353,80.0031334293113,39.19741393235527,61.898395223079454,14.417274283065728,78.51607775283529,26000.000000000007,1700.0000000000007,800.0,2250.4532522192276,1016.2409246846727,2016.251088857637,6050.423557408692,2320.7813823517713,14845.849794478007,28500.000000000007
34.0,784.5218568793205,681.5195116063575,1388.3163169923284,5082.741406871271,2288.8478024136652,15774.053105237066,611.8922080813591,109.58743519018415,137.37744200963104,278.330234539569,81.84555030472872,480.9671298745286,508.40337798726216,78.32273418344906,37.95218147643986,65.0120482438608,16.737772182035172,93.57188592695296,26000.000000000007,1700.0000000000005,800.0,1904.8174429479418,869.4296809799906,1563.6459404783993,5426.0836896547,2387.4311249004295,16348.592121038548,28500.000000000007
35.0,600.7670506595828,577.5917716101856,1037.017818611428,4397.63360937598,2318.5621562073206,17068.42759353551,565.0173134106498,103.6822974185352,121.50649040693473,270.2011755034851,90.69672359175085,548.895999668645,492.50947828612465,76.7832858479127,35.80557869084237,66.22083907534775,19.25605703317002,109.42476106660256,26000.000000000007,1700.000000000001,800.0,1658.2938423563573,758.0573548766334,1194.3298877092052,4734.055623954813,2428.514936832242,17726.74835427076,28500.000000000007
36.0,475.8716648060353,499.88145493985013,765.2769130480484,3709.5717142053745,2322.1897923896768,18227.208460611022,526.2505553605865,98.68485924016679,105.19952682061731,254.79390455358222,99.31236774417523,615.7587862808726,478.4190940356569,75.40287198512578,33.01595505918815,65.53165534259027,21.913276027588115,125.71714754985078,26000.000000000007,1700.000000000001,800.0,1480.5413142022787,673.9691861651427,903.4923949278539,4029.897274101547,2443.41543616144,18968.684394441745,28500.000000000007
37.0,390.0172157906939,441.870804747416,560.4671541370914,3057.7538302930443,2299.828855081511,19250.062139950252,494.61889812060116,94.52350833188233,89.45137475137422,233.865134070258,107.33196104597914,680.2091236799057,466.15161062955923,74.18858122828082,29.830911104219286,63.10812126978886,24.622608995662603,142.09816677248918,26000.000000000007,1700.0000000000005,800.0,1350.7877245408542,610.5828943075791,679.7494399926849,3354.7270856330915,2431.7834251231525,20072.369430402647,28500.000000000007
38.0,330.2478640419748,398.5696087010252,408.74705673520623,2467.2938299062744,2252.038941814916,20143.102698800612,469.1050252888263,91.10755702005717,74.89214301431953,209.32031726015987,114.36096726935129,741.2139901472863,455.6447635274699,73.13900743894493,26.465076909276576,59.232993186753774,27.270938847128072,158.2472200904267,26000.000000000007,1700.0000000000005,799.9999999999999,1254.997652858271,562.8161731600273,510.1042766588023,2735.847140353188,2393.6708479313957,21042.563909038327,28500.000000000007
39.0,288.13131990255954,366.24309361503913,297.5614289501416,1951.6651907987227,2180.0123075816223,20916.38665915192,448.7384774625396,88.3399283042851,61.858881547781735,183.00025320217506,120.00413859886812,798.0583208843508,446.7813579409714,72.24652703518814,23.09137626725729,54.26539858236084,29.72528426108745,173.8900559131348,26000.000000000007,1700.0000000000005,800.0,1183.6511553060707,526.8295489545123,382.51168676518057,2188.9308425832587,2329.7417304415776,21888.335035949407,28500.000000000007
40.0,258.1437045704658,342.11925394830797,216.56711977802613,1515.4405081094797,2085.761637865315,21581.96777572841,432.6385186406625,86.12489279797016,50.478170533114294,156.52989362158618,123.90953428181976,850.3189901248476,439.40998570751066,71.49921504956806,19.84081260774189,48.59760794183755,31.84482953347974,188.80754915986205,26000.000000000007,1700.0000000000005,799.9999999999998,1130.192208918639,499.7433617958462,286.88610291888233,1720.5680096729034,2241.5160016806144,22621.09431501312,28500.000000000007
41.0,236.6167021603333,324.13916582951515,157.71847371566767,1156.7701261308564,1972.2489526511824,22152.506579512454,420.0290200912678,84.37247788482405,40.73853519489922,131.22057063647793,125.81810583160372,897.8212903609277,433.3607331337482,70.8824215541401,16.80645851768934,42.614137447921614,33.49801433217663,202.83823501432408,26000.000000000007,1700.0000000000005,800.0,1090.0064553853495,479.39406526847927,215.26346742825623,1330.604834215256,2131.565072814963,23253.166104887707,28500.000000000007
42.0,221.07058890487104,310.7653276925254,114.97647924253181,869.4754731808983,1843.3672266453796,22640.3449043338,410.23948274718526,83.00088515934188,32.54496437238195,108.01909007972927,125.60778929039891,940.5877883509633,428.45731448722313,70.38008685267651,14.048733848038973,36.656149488297615,34.5817964603958,215.87591886336799,26000.000000000007,1700.0000000000005,800.0,1059.7673861392796,464.14629970454376,161.57017746295273,1014.1507127489252,2003.556812396174,23796.80861154813,28500.000000000007
43.0,209.79720496920928,300.8424883011952,83.90515266386477,644.7897429643571,1703.72074946571,23056.944661635673,402.7001192672004,81.93774622394751,25.756207279715262,87.50132895243756,123.31790085220953,978.7866974244901,424.52661955866057,69.97584511870555,11.600654120732408,30.995173823759163,35.037955220951204,227.8637521571911,26000.000000000007,1700.0000000000005,800.0,1037.0239437950702,452.75607964384824,121.26201406431244,763.2862457405538,1862.0766055388708,24263.595111217353,28500.000000000007
44.0,201.59931094995022,293.4989604428854,61.28663726977854,472.7930802734223,1558.2245744093705,23412.5974366546,396.93456357811453,81.1206346540596,20.209156971744516,69.9069238599565,119.14394614845037,1012.6847747876749,421.4060623383509,69.65391948000207,9.47278584639747,25.81975972709651,34.86126947808133,238.7862031300717,26000.000000000007,1700.0000000000005,800.0,1019.9399368664157,444.27351457694704,90.96858008792053,568.5197638604753,1712.2297900359022,24664.068414572346,28500.000000000007
45.0,195.62602478717776,288.0765248125705,44.799049209811024,343.552092568106,1411.6227498576673,23716.323558764674,392.5514025989573,80.49701624961304,15.734514925239838,55.20652805393948,113.40300762732366,1042.6075305449272,418.94876870816205,69.39978844525358,7.658019241011919,21.2362315924227,34.096984703038416,248.66020731011136,26000.000000000007,1700.0000000000005,800.0,1007.126196094297,437.9733295074371,68.19158337606278,419.99485221446815,1559.1227421880294,25007.591296619714,28500.000000000007
46.0,191.26672243147925,284.07943501460323,32.7673065725443,247.92802829054477,1268.0616420769331,23975.896865613904,389.2346956596042,80.02371630423815,12.16714201701621,43.18533560247894,106.4810513640861,1068.9080590525766,417.02652815834045,69.2006022510213,6.136313411773477,17.2809026405483,32.8290847301302,257.52656880818625,26000.000000000007,1700.0000000000002,800.0,997.5279462494238,433.30375356986264,51.07076200133399,308.39426653357197,1407.3717781711496,25302.331493474667,28500.000000000007
47.0,188.08061306568314,281.1361268884415,23.980290858303103,178.0423357018265,1130.817265639058,24197.943367846696,386.73373307558336,79.6660107341304,9.353036556355336,33.52438749411136,98.77840315707584,1091.944428982744,415.5306716977818,69.04536047616975,4.879268684547373,13.938374602725567,31.163975320585724,265.4423492181898,26000.000000000007,1700.0000000000005,800.0,990.3450178390483,429.84749809874165,38.21259609920581,225.5050977986634,1260.7596441167195,25555.33014604763,28500.000000000007
48.0,185.7484909086587,278.96970300371595,17.559547512026043,127.44283013012091,1002.2046937599864,24388.0747346855,384.85256431026795,79.39648744359774,7.153768070112686,25.866475260905936,90.66623372265104,1112.064471192465,414.37131587638055,68.92489694060211,3.854214555529751,11.160488553401205,29.214501329719564,272.47458274436684,26000.000000000007,1700.0000000000002,800.0,984.9723710953072,427.2910873879158,28.56753013766848,164.46979394442803,1122.085428812357,25772.61378862233,28500.000000000007
49.0,184.03881603324697,277.37492941796364,12.866026412433605,91.05405578341502,883.6360914788901,24551.030080874054,383.43995300733457,79.19383221814371,5.448784889387573,19.86133722463121,82.4596994555699,1129.5963932049333,413.47554652249636,68.83173493499598,3.027517246975624,8.8822684556318,27.08756591024398,278.6953669296563,26000.000000000004,1700.0000000000002,800.0,980.9543155630779,425.4004965711033,21.342328548796804,119.79766146367804,993.1833568447039,25959.321841008645,28500.000000000004
50.0,182.7834589463069,276.2003536543164,9.433834410443215,65.00498742645905,775.7671040121674,24690.81026155031,382.38030925811046,79.04166472056562,4.135956580955806,15.191511754567927,74.40692124620283,1144.8436364395975,412.78508856547546,68.75987410840592,2.3669619922684793,7.033430152530274,24.876445343946983,284.17819983737286,26000.0,1700.0,800.0,977.9488567698928,424.001892483288,15.9367529836675,87.22992933355725,875.0504706023172,26119.83209782728,28500.0
51.0,181.8602101330926,275.33455804821523,6.922921641397558,46.410855597709755,678.6744747806226,24810.796979798968,381.58592204411343,78.92750436590818,3.1307739409265904,11.58362695216572,66.6895369880154,1158.0826357088708,412.25387972813013,68.70455677639852,1.8432318047809044,5.545665070001473,22.65730740719414,288.99535921349485,26000.000000000007,1700.0000000000002,800.0,975.7000119053362,422.96661919052195,11.896927387105054,63.54014761987695,768.0213191758322,26257.874974721333,28500.000000000007
52.0,181.18013333920524,274.6957333691124,5.084991697359124,33.15809554462079,592.0266412487788,24913.85440480093,380.9905728134985,78.84189997919513,2.364681227006696,8.81034439724352,59.43003335497924,1169.5624682280773,411.8458046021849,68.66204379464466,1.4306391110279457,4.356630512443761,20.488768717593445,293.2161132621053,26000.000000000007,1700.0000000000005,800.0,974.0165107548886,422.1996771429522,8.880312035393766,46.325070454308076,671.9454433213515,26376.63298629111,28500.000000000007
53.0,180.67841335194964,274.2238625029547,3.7387508992871576,23.716826528702203,515.228089645231,25002.414057071885,380.5444392978675,78.77772435611173,1.7829700058149687,6.687161466057405,52.702026397778006,1179.5056784763708,411.5327118569299,68.62941530102249,1.107314721601759,3.411691593244224,18.41329312063072,296.9055734065709,26000.00000000001,1700.0000000000005,800.0,972.7555645067471,421.63100216008894,6.629035626703885,33.81567958800383,586.3434091636396,26478.825308954823,28500.00000000001
54.0,180.30773582235383,273.8749180170347,2.751854329786215,16.988892179198245,447.53162447731756,25078.544975174318,380.21011712178984,78.72961758105977,1.3425632585742622,5.066920929108102,46.54098487589891,1188.1097962335693,411.29275068665817,68.60440180378374,0.8550473954198555,2.664278504288499,16.45949001153877,300.124031598311,26000.000000000007,1700.0000000000002,800.0,971.8106036308018,421.2089374018782,4.949464983780333,24.720091612594846,510.53209936475525,26566.7788030062,28500.000000000007
55.0,180.03350028521365,273.6165856061151,2.027706796857731,12.190389702424122,388.12030376714574,25144.01151384225,379.95956155450403,78.69355581506605,1.0099075192413376,3.833724686636998,40.954024094917095,1195.5492263296348,411.10901333265684,68.58524536456461,0.6589298157002516,2.075473673678214,14.644682950482192,302.9266548629179,26000.000000000007,1700.0000000000002,800.0000000000001,971.1020751723745,420.89538678574576,3.69654413179932,18.099588062739333,443.71901081254504,26642.487395034805,28500.000000000007
56.0,179.83035633082318,273.42512570148955,1.4958043889232822,8.763634597350979,336.16405004071595,25200.321028940703,379.7717599933685,78.66652130289526,0.7590916156856552,2.8971412181041356,35.9281851254744,1201.9773007444726,410.9684471014537,68.57058777476792,0.506921017803689,1.6132262066060987,12.977381724015402,305.3634361753533,26000.000000000007,1700.0000000000005,800.0000000000001,970.5705634256453,420.66223477915275,2.761817022412626,13.274002022061213,385.06961689020574,26707.66176586053,28500.000000000007
57.0,179.67969677212884,273.2830784117287,1.1046769495820439,6.312628523820724,290.85658313443616,25248.763336208314,379.63097406424606,78.64625213635694,0.5702421814449673,2.1871073812782944,31.43706854997597,1207.5283556866982,410.86099372809196,68.55938177115614,0.38939640235916445,1.2514335918186938,11.459471362641075,307.4793231439331,26000.00000000001,1700.0000000000005,800.0000000000001,970.1716645644669,420.4887123192418,2.0643155333861753,9.751169496917713,333.7531230470532,26763.771015038947,28500.00000000001
58.0,179.56783989713645,273.17758642093816,0.8167339562989608,4.556397503523622,251.43791196288703,25290.443530259225,379.5254171015005,78.63105343437148,0.4281984923047637,1.649637514580003,27.445945919647357,1212.3197475375962,410.77891393731556,68.55082116518804,0.298726065233249,0.9690237916751663,10.08805116173315,309.3144638788549,26000.000000000007,1700.0000000000005,800.0000000000001,969.8721709359526,420.3594610204977,1.5436585138369736,7.1750588097787915,288.97190904426753,26812.077741675675,28500.000000000007
59.0,179.48470870994234,273.09916939178777,0.6045040090359465,3.2955647543928714,217.20662540056657,25326.309427734283,379.44626159345995,78.61965532060842,0.32144339702449853,1.2433138419223075,23.915569830753096,1216.4537560162323,410.716260244497,68.54428619469817,0.22890092822964905,0.7491060575757482,8.856921968374866,310.9045246066246,26000.000000000007,1700.0000000000005,800.0000000000001,969.6472305478993,420.2631109070944,1.1548483342900941,5.287984653890927,249.97911719969454,26853.667708357138,28500.000000000007
60.0,179.42286939836217,273.04082787796904,0.44789397068875586,2.388554919331566,187.5252248028571,25357.1746290308,379.38689544017797,78.61110632816352,0.24125608380968674,0.9364712470647225,20.80492510132943,1220.0193457994553,410.66846711675925,68.53930097493924,0.175213202154888,0.5782203300080591,7.757752783316475,312.28104559282207,26000.000000000007,1700.0000000000007,800.0,969.4782319552994,420.19123518107176,0.8643632566533306,3.9032464964043476,216.08790268750303,26889.475020423077,28500.000000000007
61.0,179.37682987633661,272.99738751292597,0.33219256860367974,1.7347200349370604,161.82088758902813,25383.737982418177,379.3423651245397,78.60469349509516,0.18104965378578847,0.7049698824273096,18.073148683596692,1223.0937731605559,410.63203331487665,68.53550048096625,0.1339902059765663,0.4456932368645446,6.780971534440172,313.4718112268758,26000.000000000007,1700.0000000000005,800.0,969.3512283157529,420.1375814889874,0.6472324283660345,2.8853831542289146,186.675007807065,26920.303566805607,28500.000000000007
62.0,179.34252689444145,272.965018348246,0.2466164750691187,1.2623991952567988,139.58335750878328,25406.60008157821,379.30895888506114,78.5998824950761,0.13585833889108914,0.5304500240438875,15.68081456174624,1225.744035695182,410.60427616458526,68.5326049836817,0.10237661940083753,0.34309669647820934,5.916427770195646,314.5012177656584,26000.000000000007,1700.0000000000005,800.0,969.2557619440878,420.09750582700383,0.4848514333610454,2.135945915778896,161.18059984072516,26946.84533503905,28500.000000000007
63.0,179.31695050108178,272.9408822830376,0.18325209428558065,0.9204829841246358,120.36114687326614,25426.277285264212,379.28389491532,78.59627282229056,0.10194394678638735,0.39897597142624,13.590744043897114,1228.0281683002802,410.583141927761,68.5304003088175,0.07815892317345734,0.2637999420704791,5.153871572323364,315.3906273258542,26000.000000000007,1700.0000000000005,800.0,969.1839873441627,420.0675554141456,0.36335496424542535,1.5832588976213549,139.1057624894866,26969.696080890346,28500.000000000007
64.0,179.29786839454073,272.92287392843224,0.13628460610510712,0.6724510033869671,103.75685472825649,25443.21366733929,379.26508799185507,78.59356423151385,0.07649546036910032,0.29998796480216083,11.7684702297547,1229.9963941217056,410.56705961401246,68.52872261040957,0.05962525040137077,0.20260300303179146,4.483288334978638,316.1587011871661,26000.00000000001,1700.0000000000005,800.0,969.1300160004083,420.04516077035566,0.27240531687557823,1.1750419712209195,120.00861329298982,26989.368762648162,28500.00000000001
65.0,179.28362321848786,272.9094298549999,0.1014358843424154,0.49215509231958965,89.42213049808477,25457.791225451776,379.2509747662972,78.59153160461172,0.057400770133970894,0.2254959126464703,10.182455757197003,1231.6921411891142,410.5548284192576,68.52744664218628,0.0454543853682844,0.15543957000828,3.895122531941713,316.82170845123784,26000.00000000001,1700.0000000000005,800.0,969.0894264040426,420.02840810179794,0.20429103984467067,0.87309057497434,103.49970878722348,27006.305075092125,28500.00000000001
66.0,179.2729832488798,272.8993879780391,0.0755543426340251,0.36083428624521374,77.05262273960847,25470.338617404606,379.2403829509733,78.59000612607706,0.04307382344395222,0.16946151905121848,8.804139097378876,1233.1529364830762,410.54553115665806,68.52647673462481,0.03462839406018102,0.11913791221001226,3.3804175572006097,317.39380824524636,26000.000000000015,1700.0000000000007,800.0,969.0588973565111,420.01587083874097,0.15325656013815836,0.6494337175064444,89.23717939418796,27020.88536213293,28500.000000000015
67.0,179.26503224697146,272.891883769004,0.056315347865715334,0.2649990715625798,66.3831227397497,25481.138646824857,379.23243335917414,78.58886118333633,0.03232409533049253,0.12732634108806407,7.60786573082525,1234.4111892902465,410.5384677554358,68.52573986209141,0.026364201589546304,0.0912297277218907,2.930893346861283,317.88730510630006,26000.00000000001,1700.000000000001,800.0,969.0359333615814,420.00648481443176,0.11500364478575417,0.48355514037253455,76.92188181743623,27033.437141221402,28500.00000000001
68.0,179.25908806850182,272.88627353079346,0.04200207678858372,0.19492905490480258,57.1830217727367,25490.434685496286,379.22646651638536,78.58800180190639,0.024258190059500234,0.0956521909236885,6.570745600298589,1235.4948757004272,410.53310421463226,68.5251803202776,0.020060206072802216,0.06979809142903173,2.538978885042223,318.31287828254614,26000.00000000001,1700.000000000001,800.0,969.0186587995195,419.9994556529774,0.08632047292088617,0.3603793372575228,66.29274625807751,27044.24243947926,28500.00000000001
69.0,179.25464245688315,272.8820776246714,0.03134506570176913,0.1436046315168656,49.25214295673562,25498.436187264502,379.22198768205214,78.58735672990461,0.01820580100261479,0.0718478239156588,5.6724667483140125,1236.4281352148116,410.52903346552813,68.52475564481875,0.015254774081943832,0.05335707390009383,2.197812794128665,318.6797862475425,26000.00000000001,1700.0000000000007,800.0,969.0056636044635,419.9941899993948,0.06480564078632775,0.2688095293326182,57.1224224991783,27053.544108726855,28500.00000000001
70.0,179.2513164501729,272.8789384105266,0.02340456579359231,0.105945733915048,42.41697036398808,25505.323424475613,379.21862565488135,78.58687250649425,0.013664059176390592,0.05396161239540083,4.895086520672796,1237.2317896463805,410.52594539177153,68.52443348459863,0.011594060469962524,0.040756817847207916,1.9012221497853683,318.9960480955273,26000.00000000001,1700.0000000000007,800.0,968.9958874968258,419.9902444016194,0.048662685439945425,0.20066416415765675,49.213279034446245,27061.55126221752,28500.00000000001
71.0,179.2488273070273,272.8765890461941,0.01748414539615515,0.07826815936247784,36.527271971626185,25511.251559370405,379.2161018931143,78.58650901525512,0.010255727930183834,0.04052449797766407,4.222815086078008,1237.9237937796454,410.5236038784908,68.5241892079511,0.008807108877039267,0.031108931279695915,1.6436871298585296,319.2686037435429,26000.00000000001,1700.0000000000007,800.0,968.9885330786324,419.9872872694003,0.03654698220337825,0.14990158861983782,42.39377418756272,27068.443956893592,28500.00000000001
72.0,179.24696395050552,272.8748303190773,0.013067153971805238,0.0578944782754224,31.453098974230393,25516.354145123947,379.2142073631697,78.5862361502527,0.007697818016219522,0.03043119953646625,3.6418012389959427,1238.5196262300296,410.5218292566274,68.52400407148488,0.006686623532337071,0.023728028963274948,1.420297129427282,319.5034548899648,26000.000000000007,1700.0000000000007,800.0,968.9830005703027,419.98507054081495,0.027451595520361832,0.11205370677516359,36.51519734265362,27074.37722624394,28500.000000000007
73.0,179.24556871833806,272.8735134260975,0.00976993550294027,0.04287497469056332,27.08213566369394,25520.746137281687,379.2127851796888,78.58603131600468,0.0057780357731311415,0.02285046821516317,3.1399269487548254,1239.0326280515642,410.5204848845259,68.52386382039262,0.00507414592112713,0.018086052276421336,1.22670244403561,319.7057886528483,26000.00000000001,1700.0000000000007,800.0,968.9788387825528,419.9834085624948,0.02062211719719854,0.08381149518214782,31.448765056484376,27079.4845539861,28500.00000000001
74.0,179.24452378779387,272.87252716353163,0.007307330207244042,0.03178706606719476,23.31737004228161,25524.526484610127,379.2117175862133,78.5858775524934,0.0043371145098866125,0.017157357985461807,2.7066145909533756,1239.4742957978453,410.51946689926456,68.52375761936487,0.003848644332646035,0.013776661753895008,1.0590644458081324,319.88008572947587,26000.000000000007,1700.000000000001,800.0,968.9757082732717,419.9821623353899,0.015493089049776688,0.06272108580655157,27.083049079043118,27083.88086613745,28500.000000000007
75.0,179.24374106928346,272.8717883895851,0.005467204314795704,0.023590815099238237,20.075054066186226,25527.78035845554,379.2109161896944,78.58576212875008,0.003255561847819066,0.01288215677566114,2.332649003645186,1239.8545349592878,410.51869639439656,68.5236772365943,0.0029177421844850887,0.010487542528823269,0.9140062816915616,320.0302148026043,26000.00000000001,1700.000000000001,800.0,968.9733536533744,419.9812277549295,0.01164050834709986,0.04696051440372265,23.321709351522976,27087.665108217432,28500.00000000001
76.0,179.24315467649643,272.8712349181437,0.0040916218925387705,0.017524619007085462,17.28292288935333,25530.58107127512,379.21031463454875,78.58567548776242,0.0024437202748539433,0.009671909134276433,2.010015262191916,1240.1818789860886,410.51811345358664,68.52361642137002,0.0022109829175659687,0.007978907264975783,0.7885654500595116,320.1595147848013,26000.00000000001,1700.000000000001,800.0,968.9715827646319,419.98052682727615,0.008746325084958682,0.03517543540633768,20.08150360160476,27090.92246504601,28500.00000000001
77.0,179.24271531216147,272.8708202202116,0.0030629100193378337,0.013029740347551994,14.878643994189183,25532.991727823082,379.2098631060587,78.58561045483704,0.0018343128374401036,0.007261444512932818,1.7317522194178792,1240.4636784623367,410.51767260269145,68.52357042963614,0.0016746642068317587,0.006066840029812306,0.6801491126847767,320.27086635075096,26000.00000000001,1700.0000000000007,800.0,968.9702510209115,419.9800011046848,0.006571887063609696,0.026358024890297118,17.290545326291838,27093.72627263617,28500.00000000001
78.0,179.24238607931017,272.8705094706059,0.0022933338562520487,0.009695587789666473,12.808469191591321,25535.06664633686,379.20952420577845,78.58556164355684,0.0013768525471407561,0.005451574734611966,1.4918213030189893,1240.7062644203647,410.51733934516596,68.52353566255954,0.0012678797531971383,0.004610412427211528,0.5864926343296483,320.3667540657644,26000.000000000015,1700.0000000000007,800.0,968.9692496302546,419.9796067767223,0.004938066156589944,0.019757574951489967,14.886783128939959,27096.139664822993,28500.000000000015
79.0,179.24213935420462,272.87027659659054,0.0017174382655797194,0.007219958656212087,11.026064841197458,25536.8525818111,379.20926985612016,78.58552500996247,0.0010334493643996852,0.004092694182920018,1.2849897184290309,1240.9150892719417,410.51708752429926,68.52350939135172,0.000959489153676568,0.003501732912273834,0.5056215805933792,320.44932028168967,26000.000000000015,1700.0000000000007,800.0,968.9684967346241,419.9793109979047,0.0037103767836559726,0.014814385751405937,12.816676140219869,27098.21699136473,28500.000000000015
80.0,179.24195445056412,272.87010207331764,0.0012863616097548668,0.0053800934764518474,9.491498084368288,25538.38977893668,379.209078977085,78.58549751794047,0.0007756651933649636,0.0030724487529373273,1.106727011431334,1241.0948483795976,410.5168973161084,68.52348954788133,0.0007258002403966789,0.0026582724185351342,0.43581722135879775,320.5204118419925,26000.000000000015,1700.0000000000007,800.0,968.9679307437575,419.97908913913943,0.0027878270435165095,0.011110814647924308,11.03404231715842,27100.00503915827,28500.000000000015
81.0,179.24181587397462,272.869971276281,0.0009636098491334906,0.004011560523025065,8.170359262672765,25539.712878416714,379.2089357423675,78.58547688805552,0.0005821547466980896,0.0023064671119566987,0.9531138544228713,1241.249584893296,410.51675370295135,68.52347456543575,0.0005487977834296354,0.0020169533397708154,0.3755854623605346,320.58162051812917,26000.000000000015,1700.0000000000007,800.0,968.9675053192934,419.9789227297723,0.0020945623792612156,0.00833498097475258,9.499058579456172,27101.54408382814,28500.000000000015
82.0,179.24171201669378,272.86987324942015,0.0007219129297173743,0.0029928220431011936,7.033002902413604,25540.851697096514,379.2088282701738,78.58546140899253,0.00043689562819315285,0.0017313952673674103,0.8207618959975772,1241.3827801339412,410.5166453132821,68.52346325767996,0.0004147906865857701,0.001529602016962769,0.3236290443732996,320.63431799196104,26000.000000000015,1700.0000000000007,800.0,968.9671856001497,419.9787979160926,0.0015735992444962973,0.006253819327431373,8.17739384278448,27102.868795222417,28500.000000000015
83.0,179.2416341811095,272.86979978341566,0.0005408837166534489,0.0022339301881097832,6.053891546773032,25541.83189967481,379.20874764008664,78.58544979595804,0.0003278599703600512,0.0012996619631201415,0.7067435203721256,1241.4974315216502,410.5165635399595,68.52345472667467,0.0003133792298793913,0.0011594533118675391,0.2788227924313828,320.6796861083926,26000.00000000001,1700.0000000000005,799.9999999999999,968.9669453611557,419.97870430604837,0.0011821229168928913,0.004693045463097464,7.03945785957654,27104.009017304852,28500.00000000001
84.0,179.24157584846773,272.8697447254781,0.00040527227680680104,0.0016682295662096005,5.211028282813129,25542.67557764141,379.20868715436677,78.58544108428707,0.0002460167860366734,0.0009755435795254394,0.6085303813954397,1241.5961198195857,410.51650187021653,68.52344829297574,0.0002366666593708215,0.0008784652361571515,0.2401916559875491,320.7187430489246,26000.00000000001,1700.0000000000005,799.9999999999999,968.966764873051,419.9786341027409,0.0008879557222142959,0.003522238381892191,6.059750320196118,27104.990440509922,28500.00000000001
85.0,179.24153213344002,272.8697034645399,0.00030366990423688557,0.0012462824609541122,4.4854684503368,25543.40174599933,379.2086417852808,78.58543454984277,0.0001845865298777514,0.0007322189579197502,0.5239399728263918,1241.6810668865628,410.5164553789225,68.523443442769,0.00017866093406949742,0.0006652666415595911,0.20689138825544692,320.75236586247735,26000.00000000001,1700.0000000000005,799.9999999999999,968.9666292976433,419.9785814571517,0.0006669173681841344,0.0026437680604334537,5.216299811418639,27105.83517874837,28500.00000000001
86.0,179.24149937584397,272.8696725458987,0.00022754319874576656,0.0009313985128758329,3.8608988389411913,25544.02677029762,379.2086077602459,78.5854296492657,0.00013848224412009972,0.0005495580646878795,0.4510891804028023,1241.7541853697774,410.5164203443177,68.52343978778183,0.00013481964888376662,0.0005035853178165903,0.17819157270664346,320.7813098902271,26000.000000000015,1700.0000000000005,800.0,968.9665274804075,419.97854198294624,0.0005008450917496329,0.0019845418953803027,4.490179592050637,27106.562265557623,28500.000000000015
87.0,179.24147483156548,272.8696493794922,0.0001705018986597353,0.0006963030545301388,3.323272140095158,25544.56473684391,379.20858224699265,78.58542597462828,0.00010388364656972262,0.0004124441581575935,0.38835363424721364,1241.8171218163277,410.51639395363395,68.52343703457215,0.00010169824147091131,0.00038103347347631384,0.15346063414334538,320.80622564593557,26000.000000000015,1700.0000000000005,800.0,968.966451032192,419.97851238869265,0.0003760837867003692,0.0014897806861640462,3.865086408485717,27107.18808430617,28500.000000000015
88.0,179.24145644135285,272.86963202167254,0.00012775405526655232,0.0005206847152461992,2.8604896292857394,25545.027773468933,379.20856311744785,78.58542321942721,7.791850379518358e-05,0.0003095153873405605,0.33433217712000196,1241.8712940521143,410.516374080098,68.52343496126427,7.668301062820627e-05,0.0002881784803345367,0.13215262199174707,320.827673475155,26000.000000000015,1700.0000000000005,800.0,968.9663936388987,419.97849020236407,0.00028235556968994217,0.0011183785829212965,3.3269744283974885,27107.726740996204,28500.000000000015
89.0,179.24144266471308,272.8696190184277,9.57207441650383e-05,0.0003894569230713312,2.46213823752954,25545.426314901677,379.20854877772933,78.58542115409799,5.843636260848926e-05,0.0002322579249385729,0.287817249479955,1241.9179221244058,410.5163591208958,68.52343340064455,5.7799340427717286e-05,0.00021786028080942246,0.11379611180072204,320.8461357070376,26000.000000000015,1700.0000000000005,799.9999999999999,968.9663505633382,419.9784735731703,0.00021195644720124485,0.0008395751288193266,2.863751598810217,27108.19037273312,28500.000000000015
90.0,179.2414323456522,272.86960927865954,7.171674185084765e-05,0.0002913670529514396,2.11925180082283,25545.769343491083,379.2085380305307,78.58541960619425,4.382029605872445e-05,0.00017427312172376157,0.24776789010171352,1241.9580563797563,410.5163478651875,68.52343222639205,4.3550176570225714e-05,0.00016463369578440123,0.09798403396840615,320.8620276905796,26000.000000000015,1700.0000000000007,800.0,968.9663182413705,419.97846111124585,0.00015908721447979783,0.0006302738704596024,2.4650037248929495,27108.58942756142,28500.000000000015
91.0,179.2414246162454,272.86960198316694,5.372597156177878e-05,0.0002180129827049243,1.824107609135117,25546.064594052514,379.2085299760367,78.58541844611692,3.285388841872137e-05,0.0001307495023974535,0.213286604099284,1241.992601370357,410.5163393980496,68.52343134305731,3.2800297567281265e-05,0.00012435740269796112,0.08436489797217624,320.87570720322066,26000.000000000015,1700.0000000000007,800.0,968.9662939903317,419.9784517723412,0.00011938015754778142,0.0004731198878003389,2.121759111206577,27108.932902626093,28500.000000000015
92.0,179.24141882890987,272.8695965207213,4.024734225909093e-05,0.00016315746433231043,1.5700636704644801,25546.318717575115,379.2085239422295,78.58541757707624,2.4629694244796302e-05,9.809052321374976e-05,0.18360079423010173,1242.0223349662474,410.51633303242977,68.52343067896359,2.4696074851035853e-05,9.389957433155043e-05,0.0726357138037041,320.88748197915373,26000.00000000002,1700.0000000000007,800.0,968.9662758035691,419.9784447767611,8.957311135492308e-05,0.0003551475618776106,1.826300178498286,27109.228534520516,28500.00000000002
93.0,179.24141449495335,272.86959243006476,3.014504539728423e-05,0.0001221121572598486,1.3513944993840712,25546.537446318413,379.20851942159607,78.58541692597584,1.846003316924791e-05,7.357842319857378e-05,0.15804398127327554,1242.0479276326992,410.5163282470984,68.52343017973357,1.8586220019724073e-05,7.087080223014557e-05,0.06253481040059966,320.89761730574514,26000.00000000002,1700.0000000000007,800.0,968.9662621636478,419.97843953577416,6.719129858625621e-05,0.0002665613826885679,1.5719732910579463,27109.482991256857,28500.00000000002
94.0,179.2414112509621,272.8695893681849,2.2577339864927634e-05,9.140471650680146e-05,1.1631782564914892,25546.725707142323,379.20851603640415,78.58541643841143,1.3834398544857418e-05,5.5187956888495244e-05,0.13604283207213197,1242.0699556707575,410.51632465209525,68.52342980468461,1.3983601505685416e-05,5.3470518585137094e-05,0.05383684099832036,320.9063412481017,26000.00000000002,1700.0000000000007,800.0,968.9662519394615,419.97843561128093,5.039533991547047e-05,0.0002000631919804338,1.3530579295619414,27109.702004061182,28500.00000000002
95.0,179.2414088225687,272.8695870761168,1.6906460510494643e-05,6.842105814778596e-05,1.0011727997404876,25546.887745974072,379.2085135012992,78.58541607328387,1.0365507044186656e-05,4.1387952664970127e-05,0.11710291469527682,1242.0889157572626,410.51632195164166,68.5234295229596,1.0516442137038948e-05,4.032570980611869e-05,0.046347298146070914,320.9138503851007,26000.00000000002,1700.0000000000007,800.0,968.9662442755096,419.9784326723602,3.7788409691720244e-05,0.00015013472061887478,1.1646230125818353,27109.890512116435,28500.00000000002
96.0,179.24140700540127,272.8695853609616,1.265862617733689e-05,5.1219667144902146e-05,0.8617296696265423,25547.027214085738,379.20851160357273,78.58541579995702,7.765245308541686e-06,3.1035441591531323e-05,0.1007987667402083,1242.1052350290438,410.51631992423296,68.52342931145006,7.90629309528192e-06,3.040109079317307e-05,0.039898664355973466,320.92031379257713,26000.000000000022,1700.0000000000007,800.0,968.9662385332069,419.9784304723687,2.8330164581160496e-05,0.00011265619952960654,1.0024271007227241,27110.05276290736,28500.000000000022
