day,new_s_dorm,new_s_class,new_s_canteen,new_s_club,new_s,new_t_dorm,new_t_class,new_t_canteen,new_t_club,new_t,new_l_dorm,new_l_class,new_l_canteen,new_l_club,new_l,new_total,new_dorm,new_class,new_canteen,new_club
0.0,8.562784634066745,2.6657614992445273,1.0268363589390685,0.8249346615736861,13.080317153824026,0.021259049853063476,0.07000184175089613,0.01752680560878323,0.011264477988128841,0.12005217520087168,0.014875545636236324,0.0052247708091481765,0.0070079948739256515,0.0026273556836414556,0.029735667002951605,13.23010499602785,8.598919229556044,2.7409881118045716,1.0513711594217774,0.8388264952454564
1.0,9.529012973405813,2.9806432621953514,1.149130581486451,0.9218822287955903,14.580669045883205,0.0239116688776531,0.07857949107228913,0.019875483144452387,0.012727608764643997,0.13509425185903862,0.01680453810706898,0.005905063301723155,0.007964536252801942,0.002976531087118954,0.03365066874871303,14.749413966490957,9.569729180390535,3.0651278165693636,1.1769706008837053,0.9375863686473532
2.0,10.847441755302562,3.421009539067503,1.3209050585851543,1.0571106082117603,16.64646696116698,0.027717279731534723,0.09077560163026238,0.023357318036943717,0.014866557844447337,0.15671675724318818,0.0196238707829722,0.006900845162865685,0.009394355460974974,0.0034924067719588167,0.03941147817877168,16.842595196588938,10.894782905817069,3.518685985860631,1.353656732083073,1.0754695728281665
3.0,12.44178766292704,3.9531230660750225,1.528472695049718,1.2205373252716465,19.143920749323428,0.03231748696357209,0.10551938225427795,0.02756272149671507,0.017450621129320686,0.1828502118438858,0.023034160501213298,0.008104536447254234,0.011122569132521526,0.004115970086887686,0.04637723616787675,19.37314819733519,12.497139310391825,4.066746984776555,1.5671579856789548,1.2421039164878547
4.0,14.31293365428368,4.573521476821585,1.7702428209378036,1.4112253768918122,22.06792332893488,0.03765328244443063,0.12265720680768151,0.032400459519258094,0.02043328961719373,0.21314423838856397,0.02697629994847551,0.00949442699186553,0.013108690756604275,0.004834477412291876,0.054413895109237186,22.335481462432686,14.377563236676588,4.705673110621132,1.815751971213666,1.4364931439212978
5.0,16.489865446561815,5.290334126861772,2.049283218185845,1.6317219070991253,25.461204698708556,0.04378506090283206,0.14239772122942074,0.037910223270465504,0.02384296557634346,0.24793597097906178,0.031488284337971795,0.01108368225192978,0.01536763875029626,0.005654108879095027,0.06359371421929286,25.77273438390691,16.565138791802617,5.443815530343123,2.1025610802066064,1.661218981554564
6.0,19.01473667800001,6.117060643343707,2.3708164415078743,1.8861897923436615,29.38880355519525,0.05082902563164274,0.165119493767313,0.044192287582161746,0.027742847917212585,0.28788365489833007,0.036653265119758194,0.012901679397263922,0.017939941192866134,0.006589817912372638,0.07408470362226088,29.75077191371584,19.10221896875141,6.295081816508284,2.432948670282902,1.9205224581732467
7.0,21.93884867189165,7.07060036780295,2.7414132832131766,2.179824366357056,33.93068668926483,0.058935423927814264,0.19130700081992177,0.0513814211083014,0.03221646788511961,0.3338403137411571,0.04258112299414095,0.014987308449013196,0.02088062336779929,0.007661620808275202,0.08611067561922864,34.35063767862522,22.040365218813605,7.276894677071885,2.813675327689277,2.2197024550504505
8.0,25.32210740538233,8.17076786873414,3.1687857784891613,2.5187152855863815,39.18037633819201,0.06828246315519554,0.22153389011148691,0.05963832701532691,0.03736318598082951,0.3868178662628388,0.04940289769994782,0.017386905970121543,0.0242555231333284,0.008893410948895581,0.09993873775229335,39.66713294220715,25.439792766237474,8.40968866481575,3.2526796286378166,2.5649718825161063
9.0,29.233602631060002,9.440348997934672,3.6618008290290516,2.9098685394444965,45.24562099746822,0.07907647910823727,0.25646479793007115,0.06914841785943332,0.04329778796292761,0.44798748286066936,0.057270445120618865,0.02015409026317228,0.02814072129936794,0.010312819921923204,0.11587807660508229,45.809486556933976,29.36994955528886,9.716967886127916,3.759089968187853,2.9634791473293474
10.0,33.75259770846999,10.905374380525519,4.230583269746138,3.3612923653081457,52.249847724049786,0.09155492980323184,0.2968655174145552,0.08012394883343851,0.05015195006266827,0.5186963461138938,0.0663584723380591,0.023350465341522422,0.032623401295949636,0.011951557935082286,0.13428389691061343,52.902827967074295,33.91051111061128,11.225590363281597,4.343330619875526,3.4233958733058962
11.0,38.9694982434486,12.595426968153873,4.886634641057671,3.8820921703647517,60.33365202302489,0.10599040170604689,0.34361605406175944,0.09280746683863587,0.058076414504538994,0.6004903371109812,0.07686748497615255,0.0270466606257896,0.0378032833329451,0.013845943008165554,0.1555633719430528,61.089705732078926,39.1523561301308,12.966089682841421,5.017245391229252,3.9540145278774563
12.0,44.98714734589603,14.54407074831155,5.6429999260417585,4.482602230861732,69.65682025111106,0.12269626150032063,0.39772886274317176,0.10747686591272054,0.06724412652126319,0.6951461166774762,0.08902801902347121,0.03132382792968129,0.0437947386679073,0.016037670844251572,0.18018425646531136,70.53215062425384,45.19887162641982,14.973123438984402,5.794271530622386,4.565884028227248
13.0,51.92198077579304,16.789241834578025,6.5144202823382376,5.174505558668775,80.40014845137807,0.14203272044165832,0.4603683342676985,0.12445089010139457,0.07785362756549759,0.804705572376249,0.1031052575045461,0.03627527374278834,0.050729117259154834,0.01857465786439135,0.20868430637088065,81.4135383301252,52.16711875373924,17.285885442588512,6.689600289698787,5.270933844098664
14.0,59.90474992758607,19.37350489095083,7.517433983901391,5.9709121300218255,92.76660093246012,0.1644126724636599,0.5328694812909608,0.1440944993346674,0.09013234531926677,0.9315089984085548,0.11940357610477195,0.04200806476721452,0.05875705699608731,0.02151187359666433,0.24168057146473815,93.93979050233342,60.1885661761545,19.948382437009005,7.720285540232146,6.082556348937757
15.0,69.08141449740127,22.34436386983065,8.67049849814933,6.886453906174378,106.98273077155562,0.19030910329605052,0.6167617058905528,0.1668256150945022,0.10434074507840849,1.078237169359514,0.13827231192071765,0.04864506127412295,0.06805139480024885,0.02491239270554265,0.27988116070063207,108.34084910161576,69.40999591261803,23.009770636995327,8.90537550804408,7.0157070439583284
16.0,79.61370795648166,25.754469329229973,9.994072726672075,7.93734794246312,123.29959795484683,0.2202631062457589,0.7137944860135279,0.19312243669364704,0.12077682636560318,1.2479568553185372,0.16011209823856729,0.05632714686947342,0.07881036630240926,0.028848549826696785,0.3240981612371467,124.87165297140251,79.99408316096599,26.524590962112974,10.266005529668131,8.086973318655419
17.0,91.67861663192421,29.66147972240602,11.510565513375228,9.14135272954635,141.99201459725182,0.25489087776640357,0.8259596674691182,0.223529940671969,0.13978008613146112,1.4441605720389519,0.1853806351198877,0.0652152564937037,0.09126054857091588,0.03340299513877086,0.37525943532327816,143.81143460461405,92.1188881448105,30.552654646368843,11.825356002618113,9.314535810816581
18.0,105.46704775386677,34.12766424755235,13.24418427172509,10.517644799303966,163.35654107244818,0.29489089316429495,0.9555142605005312,0.25866660778245026,0.16173560406869136,1.6708073655159676,0.21459879734385023,0.07549252016191936,0.10565998776527159,0.03866981290623557,0.43442111817727674,165.46176955614143,105.97653744437491,35.1586710282148,13.60851086727281,10.718050216278893
19.0,121.1810896780938,39.21905669552006,15.220609980806564,12.08655679010716,187.70731314452757,0.3410502223947951,1.105000327956311,0.299230506333763,0.1870776938361123,1.9323587505209814,0.24835639215174599,0.08736628013272442,0.1223011848007992,0.04475558083769349,0.5027794379229631,190.14245133297152,121.77049629264035,40.4114233036091,15.642141671941127,12.318390064780965
20.0,139.02921662021765,45.00395254017848,17.466418074222982,13.869112891083489,215.36870012570262,0.3942488220946133,1.2772581515123673,0.3460037509185801,0.21629249561665048,2.2338032201422116,0.28731679794189074,0.10106971038559326,0.1415135718528605,0.051780233357563786,0.5816803135379083,218.18418365938274,139.71078224025416,46.38228040207645,17.953935396994424,14.137185620057704
21.0,159.218683690053,51.550506516314094,20.008151126061662,15.886286815795568,246.66362814822432,0.4554602951174802,1.4754277400789084,0.39985405705020904,0.2499186975897069,2.5806607898363048,0.33221947496073057,0.11686268253948967,0.16366499557278286,0.05987754874487811,0.6726247018178813,249.91691363987852,160.00636346013124,53.14279693893249,20.571670178684656,16.196083062130153
22.0,181.9441963781485,58.92313483050231,22.8709285721972,18.15789111660976,281.8961508974578,0.5257469654819864,1.7029316540944648,0.46173155267010096,0.28854522259238136,2.9789553948389336,0.38387887836545276,0.13503135992799964,0.18916149762982262,0.06919499722871177,0.7772667331519868,285.6523730254487,182.85382222199596,60.76109784452478,23.521821622497125,18.515631336430857
23.0,207.37180871975792,67.17738254669877,26.076461660862062,20.700993260479,321.3266461877977,0.6062463008002767,1.96342947413658,0.5326582926347792,0.33280426893482906,3.435138336506465,0.44317770630051606,0.15588579088672844,0.218444389476815,0.07989257940350386,0.8974004660675634,325.65918499037167,208.4212327268587,69.29669781172207,26.827564342973655,21.11369010881733
24.0,235.6169671217991,76.35290193194382,29.6403358811281,23.5277494194293,365.13795435430035,0.6981447398981439,2.260731091842246,0.6137070601667695,0.3833575572188365,3.955940449125996,0.5110516800127854,0.17975451315859567,0.2519832545280263,0.09214015142136164,1.034929599120769,370.1288244025471,236.82616354171003,78.79338753694466,30.506026195822898,24.003247128069496
25.0,266.7157732536292,86.46423385625162,33.568440735214104,26.64256132627685,413.39100917137176,0.8026339300290767,2.5986526104957943,0.7059650928856104,0.4408730493883296,4.548124682798811,0.5884622205054971,0.2069748881807149,0.29026309556867913,0.10611258244422271,1.1918127866991137,419.1309466408697,268.1068694041638,89.26986135492812,34.56466892366839,27.189546958109403
26.0,300.5890390946172,97.48923970536163,37.85248648606965,30.038509609285494,465.96927489533397,0.9208434402483028,2.980795652338988,0.810477501034678,0.5059888753311664,5.2181054689531345,0.6763525743658065,0.23787759839546704,0.33376343331552555,0.12198194158303584,1.369975547659835,472.55735591194696,302.1862351092313,100.70791295609608,38.99672742041985,30.666480426199698
27.0,336.99974411345715,109.35535827693411,42.46467369740486,33.69311804102156,522.5128941288177,1.0537435659591616,3.4102294952763783,0.928164664057745,0.5792609250400964,5.971398650333382,0.7755823900240544,0.2727635472584348,0.3829268679751808,0.13990580870710484,1.5711786139647748,530.0554713931159,338.8290700694404,113.03835131946893,43.77576522943779,34.412284774768764
28.0,375.5062818315005,121.924427095932,47.35179975884925,37.5636775324376,582.3461862187194,1.2020124779228283,3.8890576748917858,1.0597083134804859,0.6610908666493186,6.811869332944418,0.8868358633367958,0.3118714444108696,0.4381146361941181,0.16001081910536843,1.796832763047152,590.954888314711,377.5951301727601,126.12535621523466,48.84962270852385,38.384779218192286
29.0,415.4165236234204,134.97765220172377,52.42941348576689,41.582619265107525,644.4062085760186,1.3658645424544138,4.417859240898964,1.2054030649780632,0.7516326923336974,7.740759540665139,1.0104999555006142,0.3553348482789631,0.4995473213271074,0.18237079323213753,2.0477529183388223,654.1947210350226,417.7928881213754,139.7508462909017,54.13436387207206,42.51662275067336
30.0,455.7511108845209,148.20339973048067,57.577051045994814,45.65376217681371,707.1853238378102,1.5448421244170376,4.995012914493187,1.3649747078353467,0.8506788110743512,8.755508557819923,1.1465125684029023,0.40312863314316455,0.5672304648616202,0.20697940155090475,2.3238510679585915,718.2646834635887,458.44246557734084,153.601541278117,59.50925621869178,46.71142038943896
31.0,495.22792409353303,161.1916326675988,62.63603308065971,49.6506142403544,768.7062040821459,1.737582367166268,5.615942474302407,1.5373743138033171,0.957531640971017,9.848430796243008,1.2941866126604256,0.4550069837919663,0.6408677174260622,0.2337183927388615,2.6237797066173156,781.1784145850063,498.25969307335976,167.2625821256932,64.81427511188909,50.84186427406428
32.0,532.2821133777699,173.43962904530943,67.41162023218233,53.41815673138423,826.5515193866459,1.9415833303643588,6.272363749330624,1.7205682696150901,1.0708736336837619,11.005388982993834,1.4520248430450622,0.5104381762349375,0.7197684868581901,0.26232401417563045,2.9445555203138203,840.5014638899535,535.6757215511792,180.222430970875,69.8519569886556,54.75135437924362
33.0,565.1355054434576,184.3734843318912,71.68127655206172,56.77949801223155,877.9697643396421,2.153008898617482,6.951662427552641,1.9113574336511694,1.18865688083306,12.204685640654352,1.6175513845286011,0.568545302305855,0.8027624398236414,0.2923562416123283,3.2812153682704257,893.4556653485669,568.9060657266037,191.8936920617497,74.39539642553653,58.26051113467694
34.0,591.9237541176179,193.38821390611747,75.2101419046212,59.548261290608174,920.0703712189647,2.366585944367923,7.636577254012337,2.1052712101588575,1.3080412607165275,13.416475669255645,1.7871972142221357,0.6280660984878683,0.888138845874844,0.3231774900279748,3.626579648612823,937.1134265368332,596.077537276208,201.65285725861767,78.2035519606549,61.179480041352676
35.0,610.8775417684383,199.9054586783552,77.77334245669623,61.54639323347527,950.102736136965,2.5756522784439637,8.305378730806579,2.2965875836648393,1.4254131415209563,14.603031734436337,1.9562830163815357,0.6873472102758038,0.9736319869025917,0.3539486211486133,3.9712108347085446,968.6769787061098,615.4094770632638,208.8981846194376,81.04356202726366,63.32575499614484
36.0,620.5365235972273,203.44216973633897,79.18259115380093,62.62534417847126,965.7866286658384,2.772401494579121,8.93269157898064,2.4785207841359083,1.5365103727251994,15.720124230420868,2.1191376145808176,0.7443863829530223,1.0564717002134258,0.3836491880423357,4.303644885789601,985.8103977820489,625.4280627063872,213.11924769827263,82.71758363815026,64.5455037392388
37.0,619.9599858702131,203.6788776016819,79.31267909261705,62.68710102473409,965.6386435892462,2.9483501016111338,9.491040227022383,2.6436018657628457,1.636668550945371,16.71966074534173,2.269379680413691,0.7969323532764385,1.1335134573340628,0.4111270395639398,4.610952530588133,986.969256865176,625.1777156522379,213.96685018198073,83.08979441571395,64.7348966152434
38.0,608.8873027591951,200.5125373494874,78.12204942784831,61.700442980833856,949.2223325173646,3.095002876768507,9.953034121467429,2.784236126625484,1.7211771120138557,17.553450236875275,2.400358256228955,0.8426408534243762,1.2014471584030257,0.4351766963735162,4.879622964429873,971.6554057186698,614.3826638921926,211.30821232437918,82.10773271287682,63.85679678922123
39.0,587.8056376819629,194.08015566397552,75.66210126487766,59.70817064366004,917.2560652544763,3.204639817836482,10.293937940676265,2.893376417859367,1.7857053813646981,18.17765955773681,2.5057105130142694,0.8792720139266289,1.2570659766838732,0.45463927157095557,5.0966877751957265,940.5304125874088,593.5159880128136,205.2533656185784,79.81254365942091,61.948515296595694
40.0,557.9023364737377,184.74563930316606,72.07227017312137,56.822986815684054,871.5432327657093,3.2711048467102724,10.494231813993013,2.9652132178924115,1.8267348945705053,18.557284773166202,2.579960584419234,0.9049022125384518,1.2975596025202694,0.46851046277547936,5.250932862253435,895.3514504011289,563.7534019048672,196.14477332969753,76.33504299353405,59.11823217303004
41.0,520.9094084966796,173.05180931852013,67.56160417318563,53.21264178749838,814.7354637758837,3.2904599107418004,10.541715208927467,2.995765741514525,1.8419244870471658,18.669865348230957,2.6190637568194295,0.9181164750079313,1.3207861074112057,0.4760395205489584,5.334005859787525,838.7393349839022,526.8189321642408,184.51164100245552,71.87815602211137,55.5306057950945
42.0,478.8760937279287,159.64873381943593,62.38112209627907,49.07779450799033,749.9837441516341,3.2613881891852468,10.432776918775698,2.9832722479111675,1.8303443584969943,18.507781714369106,2.620804737165554,0.9181490775432704,1.3254778322991978,0.4768027318366785,5.3412343788447005,773.8327602448479,484.7582866542795,170.99965981575488,66.68987217648944,51.384941598324005
43.0,433.92151513398096,145.21482948422477,56.7933051896797,44.62766959460363,680.557319402489,3.185282709077811,10.172628506945523,2.9283195785407146,1.7925426896256027,18.07877348418965,2.584987565134994,0.9049501882452069,1.3113496438907344,0.4707399635720247,5.2720273608429595,703.9081202475217,439.69178540819377,156.2924081794155,61.03297441211115,46.89095224780126
44.0,388.0176270789928,130.38683810802945,51.0449577250605,40.05847696994719,609.5078998820298,3.0660244509451133,9.774521998926128,2.8337079279023802,1.730444379232237,17.40469875700586,2.5133987279156247,0.8791719595133426,1.2790984267827745,0.4581505847050036,5.129819698916745,632.0424183379524,393.59705025785354,141.04053206646893,55.157764079745654,42.247071933884435
45.0,342.83574084589253,115.709552791705,45.34766241712049,35.537941416504815,539.4308974712228,2.9095111001196434,9.258159582171707,2.7040952595790304,1.6471122376676948,16.518878179538078,2.4095668902843568,0.8420823438256453,1.2303026147948348,0.439652558227758,4.921604407132595,560.8713800578935,348.1548188362965,125.80979471770236,49.28206029149435,37.62470621240026
46.0,299.66752539660087,101.60911168592601,39.867334197419666,31.19710947266651,472.34108075261304,2.7230325358166474,8.647615415212645,2.5454975612569872,1.5464205688744768,15.462566081160755,2.2783740742910674,0.7954260896646946,1.167246183775861,0.41611421817965477,4.657160565911278,492.46080739968505,304.6689320067086,111.05215319080335,43.58007794245251,33.15964425972064
47.0,259.41497122396225,88.38837514840884,34.72232012383359,27.12896724086846,409.65463373707314,2.514614659993542,7.969171585108786,2.364744507672416,1.4327054513512223,14.281236204125966,2.1256004961613946,0.741262143403211,1.0927051754899941,0.38857324654877606,4.348141061603376,428.28401100280246,264.05518638011716,97.09880887692083,38.179769806996006,28.950245938768457
48.0,222.62704643209403,76.23747831188592,29.987389513815007,23.391731581250532,352.2436458390455,2.2924010401359265,7.249296221565799,2.1689493868824044,1.3104291894206195,13.021075838004748,1.957455267199824,0.6817961459919611,1.0097215096631542,0.3581521981823947,4.007125121037334,369.2718467980876,226.8769027394298,84.16857067944369,33.166060410360565,25.060312968853548
49.0,189.56143513148984,65.25272717951607,25.700977244806307,20.01470485955425,300.5298444153665,2.064127551112056,6.5129431398641655,1.9650418619358043,1.1838893512279087,11.726001904139935,1.7801410957378787,0.6192252813858357,0.9213875788068175,0.325979307511561,3.646733263442093,315.90257958294853,193.40570377833978,72.38489560076607,28.58740668554893,21.524573518293717
50.0,160.25575229613,55.45883658008101,21.87374396894743,17.005150681144293,254.59348352630272,1.8367388676631524,5.782329720386683,1.7594086032932723,1.057000031909529,10.435477223252636,1.5995010152464153,0.5556126672098661,0.8306658007883074,0.29312340112070623,3.278902884365295,268.3078636339207,163.69199217903954,61.79677896767756,24.46381837302901,18.355274114174527
51.0,134.59307829658403,46.82958892832442,18.496543029706853,14.354674800381598,214.2738850549969,1.6161287894911343,5.0761303359426915,1.5576304926567803,0.933137072015789,9.183026690106395,1.42074490757182,0.4927906523018268,0.7402433878209476,0.26054277515194446,2.914321722846539,226.37123346794985,137.62995199364698,52.39850991656894,20.79441691018458,15.548354647549331
52.0,112.35626812715817,39.3050607251008,15.547070521924828,12.044541971243792,179.25294134542762,1.4069980471089336,4.409059765918283,1.3643157683689997,0.8150454836440626,7.995419065040279,1.248261933283946,0.4322952170293856,0.6524269426209179,0.2290494093705565,2.5620335023048058,189.8103939127727,115.01152810755104,44.14641570804847,17.563813232914743,13.088636864258412
53.0,93.26934911617556,32.80480859941929,12.994957578231894,10.049743213359147,149.11885850718588,1.2128121250225041,3.791784583722986,1.1830188880254524,0.7048012588286195,6.892416855599563,1.085514418700043,0.3753298242153403,0.5690763920368874,0.19928796445745184,2.229208599409722,158.24048396219516,95.56767565989811,36.97192300735762,14.747052858294234,10.953832436645218
54.0,77.02717944033624,27.237350691963524,10.805431913836758,8.34191835278189,123.41188039891841,1.0358411497378393,3.2310989251087525,1.016234197224912,0.6038193440351647,5.886993616106668,0.9350060459255783,0.32275600106579194,0.4915763584968646,0.17172847581863873,1.9210668813068739,131.21994089633196,78.99802663599965,30.79120561813807,12.313242469558535,9.117466172635694
55.0,63.31584073689248,22.506723436481963,8.941850186785423,6.891375000187663,101.65578936034753,0.8772649966367538,2.730305212771401,0.8654537166994914,0.5128998874991415,4.985923813606788,0.7983156329648151,0.27510730304550013,0.4208420325139922,0.14667130969162712,1.6409362782159347,108.28264945217025,64.99142136649405,25.512135952298866,10.228145935998906,7.550946197378432
56.0,51.8263953846282,18.516961354495578,7.367430537704855,5.668465537389923,83.37925281421855,0.7373269016680035,2.2897420324548,0.7312772483323083,0.4323045016729519,4.190650684128064,0.6761855081936073,0.23262248071942349,0.35735505129914746,0.12426245848557314,1.3904254986977513,88.96032899704436,53.23990779448981,21.039325867669803,8.456062837336312,6.225032497548448
57.0,42.264148299435675,15.175193422923636,6.046455354592839,4.644536093427739,68.13033317037988,0.6155176816180282,1.907399255513773,0.6135603481401464,0.36185307998638494,3.4983303652583326,0.5686502922057111,0.19529258309958905,0.30122276900733813,0.10451659924890432,1.1696822435615426,72.79834577919975,43.448316273259415,17.277885261536998,6.961238471740323,5.110905772663028
58.0,34.35485019591996,12.393816255568364,4.94512313433775,3.7925897083057576,55.48637929413182,0.510771547444039,1.5795588466280583,0.5115830029176655,0.3010305142052904,2.9029439111950532,0.47518906800599003,0.1629158226985992,0.2522523467921549,0.08734476364821168,0.9777020011449558,59.36702520647183,35.340810811369984,14.136290924895022,5.708958484047571,4.18096498615926
59.0,27.848659037259583,10.091993257991328,4.032145214409478,3.0877410222361683,45.060538531896555,0.42165511789915366,1.3014035557076336,0.4242209478763139,0.2490925282716033,2.3963721497547046,0.3948830461818564,0.13515383342210194,0.2100302086931872,0.07258327033682155,0.8126503586339671,48.269561040285225,28.665197201340593,11.528550647121063,4.666396370978978,3.4094168208445934
60.0,22.522288825276856,8.1965957035722,3.27913044001579,2.5074988767147124,36.50551384557956,0.3465345924280995,1.0675476280126495,0.3501036895148587,0.20516142921632982,1.9693473391719374,0.326562925433175,0.11158379237708675,0.1739982004233073,0.060020939051512665,0.6721658572850817,39.14702704203658,23.195386343138132,9.375727123961935,3.803232329953956,2.772681244982555
61.0,18.179638686087756,6.642655062961308,2.660782219865452,2.031898816129073,29.514974785043588,0.28371172269434736,0.8724623862643376,0.28774814150336325,0.16830566419825455,1.6122279146603027,0.2689348388722928,0.0917425987710072,0.14352007322839555,0.04942246778280855,0.5536199786545042,31.680822678358393,18.7322852476544,7.606860047996652,3.0920504345972106,2.249626948110136
62.0,14.651176850057492,5.373392436237626,2.1549310653307545,1.6435062629592498,23.823006614585122,0.23152511438854276,0.7107883361964298,0.23566232382592722,0.13760044611856898,1.3155762205294688,0.22067912306793233,0.0751612199273561,0.11793468195136696,0.0405468497554974,0.4543218747021528,25.592904709816743,15.103381087513966,6.159341992361412,2.508528071108049,1.8216535588333163
63.0,11.792370432970355,4.33990462044443,1.7424317084272467,1.3273151110900279,19.202021872932058,0.1884183699955421,0.5775407600466987,0.19241872922992462,0.11216971385341996,1.0705475731255853,0.1805211145797694,0.06138905465354125,0.09659498547583456,0.03316064067698705,0.37166579538613226,20.644235241443774,12.161309917545667,4.97883443514467,2.0314454231330057,1.4726454656204349
64.0,9.481464269745512,3.500597850347496,1.40695905553731,1.0705698350479025,15.45959101067822,0.1529797785863204,0.46822530144642965,0.15670050446081074,0.09121169724342669,0.8691172817369874,0.14727662607816486,0.05000935219514414,0.07889386837940236,0.027046538292200068,0.3032263849449114,16.631934677360118,9.781720674409998,4.01883250398907,1.642553428377523,1.1888280705835292
65.0,7.616916628384779,2.8204693786449258,1.1347415644526913,0.8625418569167171,12.434669428399113,0.12396008088417457,0.37888516684278917,0.12732587223046682,0.07401158308859468,0.7041827030460251,0.11987698803911499,0.04064747415570991,0.06427911076745164,0.022008161737261177,0.2468117346995377,13.385663866144675,7.860753697308068,3.240002019643425,1.3263465474506098,0.958561601742573
66.0,6.114744174435923,2.2703233824655715,0.9142658054327987,0.6942866167204681,9.993619979054762,0.10027479345351276,0.3061009205842775,0.1032566036491385,0.059944892734766136,0.5695772104216948,0.09737897985357666,0.03297391058584937,0.052260176347611466,0.01787200889130942,0.2004850756783469,10.763682265154804,6.312397947743013,2.6093982136356986,1.0697825854295486,0.7721035183465437
67.0,4.905951084187797,1.8259839519702856,0.7359769608214856,0.5584004710191529,8.026312467998721,0.08099650282740165,0.24696012885158894,0.08359560063549033,0.04847465381556397,0.4600268861300449,0.07896433022148083,0.02670371408057973,0.04240922758094065,0.014487456872896131,0.16256472875589734,8.648904082884664,5.065911917236679,2.0996477949024546,0.8619817890379166,0.6213625817076129
68.0,3.9341581217945194,1.4675497521441185,0.5919931367999328,0.44879094893784993,6.4424919596764205,0.06534144245366837,0.19901039428120876,0.06757779649571437,0.03914488037178917,0.37107451360238064,0.0639327069554194,0.02159373128325353,0.03435843316993692,0.011725533888921915,0.13161040529753176,6.945176878576333,4.063432271203607,1.6881538777085807,0.6939293664655841,0.49966136319856097
69.0,3.1534972744368117,1.1787182584431806,0.47584489798503526,0.36046878098915996,5.168529211854187,0.052653515736600445,0.16020557448137046,0.05455757584010394,0.03157224273606609,0.2989889087941409,0.05169119722356474,0.017438678717387593,0.027795178298791596,0.009477022024095592,0.1064020762638395,5.573920196912168,3.2578419873969766,1.3563625116419387,0.5581976521239308,0.40151804574932165
70.0,2.5267714224650484,0.9461842895044738,0.38224230956926525,0.28936303027001914,4.1445610518088065,0.042387514610869224,0.12885048221292356,0.04399458520244316,0.02543700106803321,0.24066958309426917,0.04174205390306833,0.014066676447168882,0.02245615570098258,0.0076502244135433425,0.08591511046476313,4.471145745367839,2.610900990978986,1.0891014481645662,0.448693050472691,0.3224502557515957
71.0,2.0238892223925204,0.7591208177582067,0.3068730460835476,0.23216167468856003,3.322044760922835,0.03409302414513115,0.10354853808971891,0.03543955791160146,0.020474126042062286,0.19355524618851377,0.033670253746974445,0.011334768552808676,0.018121194248722352,0.006168686452967776,0.06929490300147326,3.5848949101128222,2.091652500284626,0.8740041244007343,0.3604337982438714,0.25880448718359006
72.0,1.6205566481171993,0.6087392594537165,0.24623081115149525,0.18617670682456677,2.6617034255469774,0.02739974249112698,0.08315447641150867,0.028521019876136963,0.016465082158367776,0.15554032093714037,0.027131707931560674,0.009124713450569305,0.014607306974311412,0.004969029806319285,0.05583275816276067,2.8730765046468782,1.675088098539887,0.7010184493157945,0.2893591380019436,0.20761081878925383
73.0,1.2971922180045488,0.48792049690465406,0.19747087868615462,0.14923101546368023,2.1318146090590373,0.022004447094355974,0.06673268026208526,0.022933225608154893,0.01323044885124649,0.12490080181584262,0.02184247840549471,0.00733915923785841,0.011763176364915274,0.003998967309933306,0.044943781318201696,2.3016591921930813,1.3410391435043993,0.5619923364045978,0.2321672806592248,0.16646043162486002
74.0,1.038032244289959,0.3909072581894086,0.15828929732901678,0.11956413396386817,1.7067929337722527,0.017659645505417095,0.05352112943421391,0.01842547326124987,0.010623437778260067,0.10022968597914093,0.017569167681405793,0.0058982536066868214,0.009464192915476437,0.003215531645320956,0.036147145848890005,1.8431697656002837,1.0732610574767818,0.4503266412303093,0.1861789635057431,0.1334031033874492
75.0,0.8303962836240515,0.31304911018983816,0.1268224811528594,0.09575414840440333,1.3660220233711524,0.014163838828914015,0.04290063541945742,0.014792809294937072,0.008524290428315585,0.08038157397162408,0.0141205159675875,0.004736693196834,0.0076080847167232886,0.0025835252502148104,0.0290488191313596,1.475452416474136,0.858680638420553,0.3606864388061296,0.14922337516451975,0.10686196408293372
76.0,0.664091719037471,0.25059390188611247,0.10156487984064208,0.07665385756256043,1.092904358326786,0.011353339928127667,0.034369108961550064,0.011868124970505588,0.006835541209231154,0.06442611506941448,0.011340225046372733,0.003801213972116013,0.0061111627080720895,0.0020741958802533546,0.02332679760681419,1.1806572710030145,0.6867852840119715,0.28876422481977854,0.11954416751921976,0.08556359465204495
77.0,0.5309306020266391,0.20051713789181771,0.08130145988947036,0.06133856183259073,0.8740877616405178,0.009095427463494704,0.027520118042398664,0.009515475723829988,0.005478032855014939,0.0516090540847383,0.009100867820017488,0.0030484692488459662,0.004905118237954883,0.0016641123051281308,0.018718567611946468,0.9444153833372025,0.5491268973101513,0.23108572518306233,0.09572205385125523,0.0684807069927338
78.0,0.4243386410400108,0.1603828687824595,0.06505253506157345,0.04906350831393565,0.6988375531979795,0.00728266032396463,0.02202514537454524,0.007624484376166893,0.00438759220626704,0.041319882280943805,0.007298767090996588,0.0024432514631747377,0.003934319329150398,0.0013342189080650033,0.015010556791386727,0.7551679922703101,0.438920068454972,0.18485126562017948,0.07661133876689073,0.05478531942826769
79.0,0.33903949612571993,0.12823061415519613,0.05202882832916546,0.0392293074895552,0.5585282460996367,0.005828184257982183,0.017618990241316773,0.006105685799966446,0.0035122752990394217,0.033065135598304825,0.005849721144636798,0.001957012620584405,0.003153546348182464,0.0010690467133401874,0.012029326826743856,0.6036227085246854,0.3507174015283389,0.1478066170170973,0.06128806047731437,0.04381062950193481
80.0,0.27079976939274963,0.10248346297922675,0.04159487941694777,0.031353831853013825,0.44623194364193797,0.004661867471229321,0.01408778440669601,0.004886668109579349,0.002810091227972104,0.026446411215476782,0.004685449212032158,0.001566637508502324,0.002526103628403585,0.0008560574520348215,0.009634247800972887,0.48231260265838766,0.28014708607601113,0.11813788489442507,0.049007651154930706,0.03501998053302075
81.0,0.2162239173855793,0.0818737500322275,0.03323939732075026,0.02504949215427456,0.3563865568928316,0.0037271407358985507,0.011259219281424954,0.003908898605962515,0.002247135337087049,0.021142393960373068,0.003750658685554945,0.001253434264157598,0.00202225762317426,0.000685102550383337,0.00771145312327014,0.38524040397647485,0.2237017168070328,0.09438640357781004,0.039170553549887036,0.027981730041744948
82.0,0.172589203084587,0.06538293661407522,0.02655123825005841,0.020004858309893767,0.2845282362586144,0.0029784171259091053,0.008994585480457052,0.003125118235141657,0.0017960607713598112,0.016894181612867626,0.00300063048037034,0.0010023054340095416,0.0016179483424527972,0.0005479778924708403,0.006168862149303519,0.30759128002078556,0.17856825069086643,0.07537982752854182,0.031294304827652865,0.02234889697372442
83.0,0.13771297614240258,0.052193045667199185,0.02119997022958053,0.01596981361433374,0.22707580565351604,0.0023789908135430616,0.007182304768510859,0.002497209959174352,0.001434830914350353,0.013493336455578625,0.0023992380628914496,0.0008010695386868835,0.0012937303845565542,0.0004380587211298292,0.004932096707264717,0.24550123881635938,0.14249120501883708,0.060176419974396926,0.024990910573311435,0.01784270324981392
84.0,0.10984600647511727,0.04164746926207331,0.01692016587600347,0.012743574466190084,0.18115721607938415,0.0018993295783160567,0.005732684596309448,0.001994459410799002,0.0011457035171903648,0.010772177102614872,0.001917326735647976,0.0006399072612523893,0.0010339052803277342,0.00035000108866603357,0.003941140365894133,0.19587053354789316,0.1136626627890813,0.048020061119635145,0.019948530567130206,0.014239279072046482
85.0,0.08758682231264628,0.033219376814053236,0.01349872444804443,0.010165033629865351,0.14446995720460928,0.0015156901854527385,0.0045736723450886165,0.001592139282212892,0.0009144054387572341,0.008595907251511482,0.0015313912349227206,0.0005109105197520543,0.0008258126616286898,0.0002794983906443512,0.0031476128069478156,0.15621347726306858,0.09063390373302174,0.03830395967889391,0.01591667639188601,0.011358937459266936
86.0,0.06981285065791673,0.026486234875706418,0.01076463386289745,0.008104971617702378,0.11516869101422297,0.0012089957806104947,0.0036474188108024603,0.0012703578480961434,0.0007294624910105999,0.006856234930519698,0.001222497470824457,0.0004077155146813911,0.000659251686056285,0.00022308295891725123,0.0025125476304793844,0.12453747357522205,0.07224434390935168,0.030541369201190268,0.012694243397049878,0.009057517067630229
87.0,0.0556251472824607,0.021109294495159164,0.00858071937479721,0.0064597864147688455,0.09177494756718592,0.0009639280592060827,0.0029075033836048108,0.001013125104311544,0.0005816567461960859,0.005466213293318523,0.0009754060634269339,0.0003252049948429344,0.0005260103261993888,0.00017796487580220497,0.002004586260271462,0.0992457471207759,0.057564481405093716,0.024342002873606907,0.010119854805308142,0.007219408036767136
88.0,0.04430404490256423,0.016817086022748957,0.006836997230491172,0.005146448033690047,0.07310457618949441,0.0007681938727530492,0.0023166955628474463,0.0008075963784432093,0.00046358757819662735,0.004356073392240332,0.0007778608853379759,0.00025926699525141337,0.0004194829884587459,0.00014190120794324728,0.0015985120769913825,0.07905916165872612,0.04585009966065526,0.019393048580847817,0.008064076597393128,0.005751936819829922
89.0,0.03527355695407355,0.013392140367987318,0.005445322386417881,0.004098439188711158,0.058209458897189904,0.0006119331467303391,0.0018451500876992346,0.0006434602772622757,0.00036931690056685255,0.003469860412258702,0.0006200121838659027,0.0002065995259485162,0.00033436026825553515,0.0001130900347529168,0.0012740620128228709,0.06295338132227148,0.03650550228466979,0.015443889981635069,0.006423142931935692,0.004580846124030927
90.0,0.02807282281660747,0.010660314158599643,0.004335081972797248,0.003262491824928046,0.04633071077293241,0.0004872414536966118,0.0014689532569892197,0.0005124441480985366,0.0002940828325418663,0.002762721691326234,0.0004939495632139903,0.0001645526908905419,0.00026637765587441683,9.008470433769445e-05,0.0010149646143166437,0.05010839707857529,0.02905401383351807,0.012293820106479404,0.005113903776770202,0.003646659361807607
91.0,0.022333213692850407,0.008482214714510326,0.003449733072544581,0.0025959654509402613,0.036861126930845575,0.0003877854732957254,0.0011689533022864512,0.0004079150317627721,0.00023406888159643613,0.002198722688941385,0.00039332445979232223,0.00013100123743739332,0.0002121123077782631,7.172455662424933e-05,0.000808162561632228,0.039868012181419187,0.023114323625938453,0.00978216925423417,0.004069760412085616,0.0029017588891609466
92.0,0.01775997119600401,0.006746311005165397,0.002744019146616276,0.0020647408071989928,0.029315042154984677,0.00030849332768723793,0.0009298194067190762,0.0003245577929581774,0.00018621793309485612,0.0017490884604593477,0.0003130451108107307,0.00010424171190587226,0.0001688187822126878,5.70789776642181e-05,0.0006431845825935089,0.03170731519803753,0.01838150963450198,0.007780372123790346,0.003237395721787141,0.002308037717958067
93.0,0.014117470313910797,0.005363396127957354,0.002181731042114504,0.0016415266611619751,0.023304124145144635,0.00024530515362542767,0.000739284416757614,0.0002581154903512893,0.00014808232755109723,0.0013907873882854282,0.00024903011819187157,8.290946880362556e-05,0.00013429628922847093,4.540222250443328e-05,0.0005116380987284013,0.025206549632158466,0.014611805585728097,0.006185590013518594,0.002574142821694264,0.0018350112112175056
94.0,0.01121741908086207,0.0042621472214555995,0.0017339105939225474,0.0013045020781096376,0.018517978974349855,0.00019497273474642558,0.0005875369909369959,0.00020518054199427066,0.00011770335755238618,0.0011053936252300783,0.00019800992681995384,6.591189037610231e-05,0.00010678172406283285,3.609703885726817e-05,0.0004068005801161571,0.020030173179696093,0.011610401742428448,0.004915596102768698,0.002045872859979651,0.001458302474519292
95.0,0.008909397203906391,0.0033855611310931043,0.001377407709899881,0.0010362264171689386,0.014708592462068314,0.00015489838851073925,0.0004667331893147052,0.00016302660914162536,9.351432417948106e-05,0.0008781725111465508,0.00015736678410728454,5.237460646094348e-05,8.486341695741309e-05,2.8685355043232682e-05,0.0003232901625688738,0.015910055135783738,0.009221662376524416,0.0039046689268687532,0.0016252977359989195,0.0011584260963916524
96.0,0.00707327896792567,0.0026880968885863547,0.0010937229854598078,0.0008227654219532089,0.01167786426392504,0.00012300561531670287,0.0003706046043153488,0.00012947348486377547,7.426267120182852e-05,0.0006973463756976558,0.00012500595143594706,4.1598257025712214e-05,6.741171385059875e-05,2.278470169094094e-05,0.00025680062400319895,0.012632011263625894,0.00732129053467832,0.0031002997499274157,0.001290608184174182,0.0009198127948459783
97.0,0.005613172176067894,0.0021333877661301524,0.0008680805728509262,0.0006529914596509163,0.00926763197469989,9.76353974950678e-05,0.00029414438348597386,0.00010277867614164397,5.894753596322455e-05,0.0005535059930859102,9.925223469671613e-05,3.302378514484558e-05,5.352319696083942e-05,1.8089276261687184e-05,0.0002038884930640883,0.010025026460849889,0.005810059808259678,0.002460555934760972,0.0010243824459534095,0.000730028271875828
98.0,0.004452554351870209,0.0016924037383700486,0.0006886832446826484,0.0005180214822114791,0.007351662817134385,7.746281811871147e-05,0.0002333549096017256,8.155015942071516e-05,4.6769520113645565e-05,0.0004391374072547978,7.876662868201554e-05,2.620449911429694e-05,4.247574366191287e-05,1.4354694138940444e-05,0.0001618015655971658,0.007952601789986347,0.004608783798670936,0.001951963147086071,0.0008127091477652765,0.0005791456964640651
99.0,0.003530382479362727,0.0013419806633383617,0.0005461158928935601,0.0004107671284378475,0.005829246164032496,6.143025332009309e-05,0.00018504573061308203,6.467642756780708e-05,3.7090432571906435e-05,0.00034824284407288864,6.247941370512372e-05,2.0783665029101602e-05,3.3692452437722665e-05,1.1385753623060372e-05,0.00012834128479500835,0.006305830292900392,0.003654292146387944,0.0015478100589805452,0.0006444847728990899,0.00045924331463281434
100.0,0.002797978151015721,0.001063641818379619,0.0004328674152563476,0.0003255742312881923,0.00462006161593988,4.8693793730538255e-05,0.0001466715773364237,5.127035111049776e-05,2.9400995428586608e-05,0.0002760367176060463,4.95364102530945e-05,1.6476518993350516e-05,2.6712661574583322e-05,9.026610539931118e-06,0.00010175220136095945,0.004997850534906885,0.0028962083549993536,0.0012267899147093931,0.0005108504279414287,0.00036400183725671006
101.0,0.002216537086181327,0.0008426551040885227,0.00034294808860794556,0.0002579344005868626,0.0036600746794646583,3.858034580163258e-05,0.00011620272125928982,4.062420369238894e-05,2.329498118096537e-05,0.00021870225193427673,3.9255883244469956e-05,1.3055852632575396e-05,2.1168709272405885e-05,7.152902146143671e-06,8.063334729559491e-05,0.00395941027869453,0.0022943733152274294,0.000971913677980388,0.0004047410015727404,0.00028838228391397166
102.0,0.0017551420880225817,0.0006672804373588246,0.00027158403738994027,0.00020425477597837112,0.0028982613387497176,3.0553362293682586e-05,9.20214477945705e-05,3.2173715727120805e-05,1.844854819314109e-05,0.000173197074008515,3.1094068752183536e-05,1.0340489250939869e-05,1.676734280161376e-05,5.665448650931467e-06,6.386734945566863e-05,0.0031353257622139014,0.001816789519068448,0.000769642374404335,0.00032052509591867486,0.0002283687728224437
103.0,0.0013891683417642288,0.0005281654752969105,0.0002149718547287331,0.0001616731505441222,0.002293978822333994,2.4185309711078814e-05,7.283890799213844e-05,2.5469181766714523e-05,1.4603635706877036e-05,0.00013709703517680882,2.4617445005144514e-05,8.186019197543135e-06,1.3274764302911916e-05,4.485188242987398e-06,5.056341674858696e-05,0.0024816392742593903,0.001437971096480452,0.0006091904024865921,0.00025371580079835954,0.00018076197449398663
104.0,0.0010990101495630367,0.0004178629423017492,0.00017008255480786683,0.00012791029186167994,0.0018148659385343326,1.9135663700831512e-05,5.762868437773612e-05,2.0152359441488614e-05,1.1554690738176404e-05,0.00010847139825823265,1.9480546245950795e-05,6.477390729971121e-06,1.0504665589384636e-05,3.549125555281705e-06,4.001172812058825e-05,0.0019633490649131535,0.001137626359509819,0.0004819690174094564,0.00020073957983874008,0.00014301410815513804
105.0,0.0008690624630713674,0.00033044439702104033,0.0001345046587152419,0.00010115176444348812,0.001435163283251138,1.5133291412714378e-05,4.5573616766027254e-05,1.5937966737450478e-05,9.138039644870241e-06,8.578291456106235e-05,1.5408180527196835e-05,5.1229743918839e-06,8.308637908774551e-06,2.8070851431823935e-06,3.1646877971037684e-05,0.0015525930757832379,0.0008996039350112786,0.0003811409881789515,0.00015875126336146694,0.00011309688923154075
106.0,0.0006869124913101076,0.0002611935658217915,0.00010631957972516193,7.995409363980485e-05,0.001134379730496866,1.1962456665875343e-05,3.602357305175954e-05,1.2598979201107213e-05,7.223444258936825e-06,6.780845317767892e-05,1.218129086422918e-05,4.04984547869463e-06,6.568546582122522e-06,2.2191306886133963e-06,2.5018813613659728e-05,0.0012272069972882045,0.0007110562388402122,0.00030126698435224567,0.00012548710550839168,8.939666858735509e-05
107.0,0.0005426906636108946,0.0002063600631869973,8.400152999276751e-05,6.316940460416889e-05,0.0008962216613948283,9.451576624725144e-06,2.8461529504931672e-05,9.954814669899417e-06,5.7073175037915295e-06,5.357523830334776e-05,9.625587494332146e-06,3.1999923863593236e-06,5.190400134979149e-06,1.7534903857745085e-06,1.9769470401445125e-05,0.0009695663700996212,0.0005617678277299519,0.0002380215850782883,9.914674479764607e-05,7.063021249373492e-05
108.0,0.0004285512437542988,0.0001629622598061961,6.633738892380398e-05,4.988509833223506e-05,0.0007077359908165339,7.46421897066653e-06,2.2476415609459414e-05,7.861870067687624e-06,4.507290469226521e-06,4.230979511704009e-05,7.602438732136366e-06,2.5272792914833194e-06,4.0994375353983625e-06,1.3848948044585371e-06,1.5614050363476586e-05,0.0007656598362970505,0.00044361790145710166,0.00018796595470713885,7.829869652688997e-05,5.577728360592012e-05
109.0,0.0003382600886195031,0.00012863077525531054,5.236307329994394e-05,3.937595725912145e-05,0.0005586298944338791,5.89195154830462e-06,1.774155117605725e-05,6.206003314650409e-06,3.5578969848512735e-06,3.3397403023863555e-05,6.001630156111898e-06,1.995032698660563e-06,3.2362230880917107e-06,1.0932559277524184e-06,1.2326141870616588e-05,0.0006043534393283592,0.00035015367032391966,0.00014836735913002837,6.180529970268606e-05,4.402711017172514e-05
110.0,0.00026686787400196363,0.00010148439408867693,4.131308264910195e-05,3.106617192734096e-05,0.0004407315226670835,4.648671693123194e-06,1.3997548392387583e-05,4.896569801702826e-06,2.807150985077274e-06,2.6349940872290876e-05,4.73561862777646e-06,1.5741267686410595e-06,2.553547542485167e-06,8.626190536124198e-07,9.725911992515106e-06,0.0004768073755318895,0.0002762521643228633,0.00011705606924970556,4.876319999328994e-05,3.4735941966030654e-05
111.0,0.00021044501987784568,8.002939902361114e-05,3.2579563254980954e-05,2.4498533476101878e-05,0.0003475525156325396,3.666004949106678e-06,1.1038439515893984e-05,3.8615829068581325e-06,2.2137692078695205e-06,2.0779796579728315e-05,3.7348682785730126e-06,1.2414294193574752e-06,2.0139127241665532e-06,6.803121227085044e-07,7.670522544805546e-06,0.0003760028347570734,0.00021784589310552537,9.23092679588626e-05,3.845505888600564e-05,2.7392614806679902e-05
