iso_year,iso_week,week_start,spec_processed,h3n2_positive,inf_all,inf_a,inf_b,h3n2_pct,inf_pct,ili_activity,ili_pct
2005,39,2005/9/26,337,6,38,29,9,0.0178,0.1128,1,
2005,40,2005/10/3,261,0,13,13,0,0,0.0498,1,
2005,41,2005/10/10,544,3,46,43,3,0.0055,0.0846,1,
2005,42,2005/10/17,849,3,106,64,42,0.0035,0.1249,1,
2005,43,2005/10/24,1086,5,124,113,11,0.0046,0.1142,1,
2005,44,2005/10/31,964,6,166,147,19,0.0062,0.1722,1,
2005,45,2005/11/7,1117,0,146,139,7,0,0.1307,1,
2005,46,2005/11/14,1193,2,199,180,19,0.0017,0.1668,1,
2005,47,2005/11/21,1198,2,207,189,18,0.0017,0.1728,1,
2005,48,2005/11/28,1247,3,198,187,11,0.0024,0.1588,1,
2005,49,2005/12/5,1136,1,166,155,11,0.0009,0.1461,1,
2005,50,2005/12/12,1141,3,183,160,23,0.0026,0.1604,1,
2005,51,2005/12/19,1195,15,217,185,32,0.0126,0.1816,1,
2005,52,2005/12/26,1208,12,216,169,47,0.0099,0.1788,1,
2006,1,2006/1/2,808,2,141,92,49,0.0025,0.1745,1,
2006,2,2006/1/9,1107,12,243,170,73,0.0108,0.2195,1,
2006,3,2006/1/16,980,11,170,118,52,0.0112,0.1735,1,
2006,4,2006/1/23,673,8,82,59,23,0.0119,0.1218,1,
2006,5,2006/1/30,212,1,19,15,4,0.0047,0.0896,1,
2006,6,2006/2/6,591,3,55,37,18,0.0051,0.0931,1,
2006,7,2006/2/13,814,7,89,45,44,0.0086,0.1093,1,
2006,8,2006/2/20,1056,10,160,40,120,0.0095,0.1515,1,
2006,9,2006/2/27,1156,10,180,43,137,0.0087,0.1557,1,
2006,10,2006/3/6,1383,3,208,46,162,0.0022,0.1504,1,
2006,11,2006/3/13,1219,9,220,20,200,0.0074,0.1805,1,
2006,12,2006/3/20,1428,3,217,27,190,0.0021,0.152,1,
2006,13,2006/3/27,1264,2,213,22,191,0.0016,0.1685,1,
2006,39,2006/9/25,598,6,26,18,8,0.01,0.0435,1,
2006,40,2006/10/2,204,1,7,5,2,0.0049,0.0343,1,
2006,41,2006/10/9,603,4,26,12,14,0.0066,0.0431,1,
2006,42,2006/10/16,737,1,8,8,0,0.0014,0.0109,1,
2006,43,2006/10/23,744,1,11,6,5,0.0013,0.0148,1,
2006,44,2006/10/30,779,1,22,11,11,0.0013,0.0282,1,
2006,45,2006/11/6,794,1,5,4,1,0.0013,0.0063,1,
2006,46,2006/11/13,865,0,10,6,4,0,0.0116,1,
2006,47,2006/11/20,883,5,21,17,4,0.0057,0.0238,1,
2006,48,2006/11/27,867,16,34,26,8,0.0185,0.0392,1,
2006,49,2006/12/4,1027,43,82,65,17,0.0419,0.0798,1,
2006,50,2006/12/11,1209,37,108,88,20,0.0306,0.0893,1,
2006,51,2006/12/18,1323,85,166,136,30,0.0642,0.1255,1,
2006,52,2006/12/25,1590,174,283,247,36,0.1094,0.178,1,
2007,1,2007/1/1,820,120,208,180,28,0.1463,0.2537,1,
2007,2,2007/1/8,1618,293,460,397,63,0.1811,0.2843,1,
2007,3,2007/1/15,1808,334,473,434,39,0.1847,0.2616,1,
2007,4,2007/1/22,1698,267,389,340,49,0.1572,0.2291,1,
2007,5,2007/1/29,1311,203,259,232,27,0.1548,0.1976,1,
2007,6,2007/2/5,1069,188,237,214,23,0.1759,0.2217,1,
2007,7,2007/2/12,658,84,116,99,17,0.1277,0.1763,1,
2007,8,2007/2/19,254,17,29,23,6,0.0669,0.1142,1,
2007,9,2007/2/26,698,57,73,62,11,0.0817,0.1046,1,
2007,10,2007/3/5,690,41,74,52,22,0.0594,0.1072,1,
2007,11,2007/3/12,914,89,167,96,71,0.0974,0.1827,1,
2007,12,2007/3/19,769,64,129,71,58,0.0832,0.1678,1,
2007,13,2007/3/26,798,57,122,72,50,0.0714,0.1529,1,
2007,40,2007/10/1,71,0,2,0,2,0,0.0282,1,
2007,41,2007/10/8,320,2,23,3,20,0.0062,0.0719,1,
2007,42,2007/10/15,469,22,49,22,27,0.0469,0.1045,1,
2007,43,2007/10/22,412,5,25,8,17,0.0121,0.0607,1,
2007,44,2007/10/29,478,6,32,8,24,0.0126,0.0669,1,
2007,45,2007/11/5,476,19,60,19,41,0.0399,0.1261,1,
2007,46,2007/11/12,572,4,49,10,39,0.007,0.0857,1,
2007,47,2007/11/19,761,7,60,13,47,0.0092,0.0788,1,
2007,48,2007/11/26,406,0,26,0,26,0,0.064,1,
2007,49,2007/12/3,825,18,98,18,80,0.0218,0.1188,1,
2007,50,2007/12/10,991,26,154,26,128,0.0262,0.1554,1,
2007,51,2007/12/17,605,14,120,14,106,0.0231,0.1983,1,
2007,52,2007/12/24,394,7,34,7,27,0.0178,0.0863,1,
2008,1,2007/12/31,594,35,82,36,46,0.0589,0.138,1,
2008,2,2008/1/7,1112,56,247,58,189,0.0504,0.2221,1,
2008,3,2008/1/14,828,41,163,41,122,0.0495,0.1969,1,
2008,4,2008/1/21,618,21,144,21,123,0.034,0.233,1,
2008,5,2008/1/28,366,16,57,17,40,0.0437,0.1557,1,
2008,6,2008/2/4,12,0,,0,0,0,0,1,
2008,7,2008/2/11,226,13,24,13,11,0.0575,0.1062,1,
2008,8,2008/2/18,605,46,116,48,68,0.076,0.1917,1,
2008,9,2008/2/25,616,43,138,43,95,0.0698,0.224,1,
2008,10,2008/3/3,1020,68,171,68,103,0.0667,0.1676,1,
2008,11,2008/3/10,985,53,180,58,122,0.0538,0.1827,1,
2008,12,2008/3/17,863,58,160,61,99,0.0672,0.1854,1,
2008,13,2008/3/24,604,26,78,27,51,0.043,0.1291,1,
2008,14,2008/3/31,506,31,88,34,54,0.0613,0.1739,1,
2008,39,2008/9/22,0,0,,0,0,,,1,
2008,40,2008/9/29,375,5,26,23,3,0.0133,0.0693,1,
2008,41,2008/10/6,952,9,38,33,5,0.0095,0.0399,1,
2008,42,2008/10/13,1141,8,42,34,8,0.007,0.0368,1,
2008,43,2008/10/20,1161,5,32,27,5,0.0043,0.0276,1,
2008,44,2008/10/27,1226,3,64,42,22,0.0024,0.0522,1,
2008,45,2008/11/3,1163,3,51,38,13,0.0026,0.0439,1,
2008,46,2008/11/10,1243,4,63,53,10,0.0032,0.0507,1,
2008,47,2008/11/17,1209,6,79,66,13,0.005,0.0653,1,
2008,48,2008/11/24,1286,7,147,127,20,0.0054,0.1143,1,
2008,49,2008/12/1,1279,4,143,127,16,0.0031,0.1118,1,
2008,50,2008/12/8,1404,10,199,178,21,0.0071,0.1417,1,
2008,51,2008/12/15,1549,4,250,217,33,0.0026,0.1614,1,
2008,52,2008/12/22,1552,11,286,237,49,0.0071,0.1843,1,
2009,1,2008/12/29,1175,8,203,168,35,0.0068,0.1728,1,
2009,2,2009/1/5,1305,23,268,214,54,0.0176,0.2054,1,
2009,3,2009/1/12,1231,18,279,244,35,0.0146,0.2266,1,
2009,4,2009/1/19,1063,21,188,168,20,0.0198,0.1769,1,
2009,5,2009/1/26,455,13,73,60,13,0.0286,0.1604,1,
2009,6,2009/2/2,957,27,123,105,18,0.0282,0.1285,1,
2009,7,2009/2/9,1120,35,134,115,19,0.0312,0.1196,1,
2009,8,2009/2/16,1086,26,156,121,35,0.0239,0.1436,1,
2009,9,2009/2/23,1091,39,173,99,74,0.0357,0.1586,1,
2009,10,2009/3/2,1091,39,173,99,74,0.0357,0.1586,1,
2009,11,2009/3/9,1045,21,170,69,101,0.0201,0.1627,1,
2009,12,2009/3/16,1085,17,174,62,112,0.0157,0.1604,1,
2009,13,2009/3/23,658,10,83,25,58,0.0152,0.1261,1,
2009,14,2009/3/30,956,22,155,57,98,0.023,0.1621,1,
2009,15,2009/4/6,715,6,103,29,74,0.0084,0.1441,1,
2009,16,2009/4/13,866,10,165,51,114,0.0115,0.1905,1,
2009,17,2009/4/20,755,13,112,28,84,0.0172,0.1483,1,
2009,18,2009/4/27,714,6,171,19,152,0.0084,0.2395,1,
2009,19,2009/5/4,861,11,122,27,95,0.0128,0.1417,1,
2009,20,2009/5/11,774,12,112,20,92,0.0155,0.1447,1,
2009,21,2009/5/18,525,8,109,13,96,0.0152,0.2076,1,
2009,22,2009/5/25,59,0,5,1,4,0,0.0847,1,
2009,25,2009/6/15,2696,45,181,96,85,0.0167,0.0671,5,
2009,26,2009/6/22,2900,96,221,175,46,0.0331,0.0762,5,
2009,27,2009/6/29,2722,107,258,213,45,0.0393,0.0948,5,
2009,28,2009/7/6,2968,171,368,315,53,0.0576,0.124,5,
2009,29,2009/7/13,2960,201,461,410,51,0.0679,0.1557,5,
2009,30,2009/7/20,3355,266,622,575,47,0.0793,0.1854,5,
2009,31,2009/7/27,3473,349,817,767,50,0.1005,0.2352,5,
2009,32,2009/8/3,3391,417,968,909,59,0.123,0.2855,5,
2009,33,2009/8/10,2530,382,871,836,35,0.151,0.3443,5,
2009,34,2009/8/17,3478,694,1320,1261,59,0.1995,0.3795,5,
2009,35,2009/8/24,6492,1090,2158,2091,67,0.1679,0.3324,5,
2009,36,2009/8/31,6065,1043,2212,2140,72,0.172,0.3647,5,
2009,37,2009/9/7,10945,1340,3427,3269,158,0.1224,0.3131,5,
2009,38,2009/9/14,8115,784,2563,2480,83,0.0966,0.3158,5,
2009,39,2009/9/21,6680,569,2198,2138,60,0.0852,0.329,5,
2009,40,2009/9/28,5142,332,1938,1875,63,0.0646,0.3769,5,
2009,41,2009/10/5,4086,187,1173,1132,41,0.0458,0.2871,5,
2009,42,2009/10/12,6738,235,2307,2250,57,0.0349,0.3424,5,
2009,43,2009/10/19,7112,199,2858,2800,58,0.028,0.4019,5,
2009,44,2009/10/26,7614,146,3559,3497,62,0.0192,0.4674,5,
2009,45,2009/11/2,10158,198,5011,4966,45,0.0195,0.4933,5,
2009,46,2009/11/9,6340,72,3201,3173,28,0.0114,0.5049,5,
2009,47,2009/11/16,10066,135,5587,5547,40,0.0134,0.555,5,
2009,48,2009/11/23,7006,74,4044,4013,31,0.0106,0.5772,5,
2009,49,2009/11/30,6338,64,3194,3146,48,0.0101,0.5039,5,
2009,50,2009/12/7,9006,106,3948,3812,136,0.0118,0.4384,5,
2009,51,2009/12/14,8412,94,3215,3042,173,0.0112,0.3822,5,
2009,52,2009/12/21,8149,78,2787,2424,363,0.0096,0.342,5,
2009,53,2009/12/28,7250,65,2323,1834,489,0.009,0.3204,5,
2010,1,2010/1/4,7341,58,2080,1350,730,0.0079,0.2833,5,
2010,2,2010/1/11,7155,46,2109,1032,1077,0.0064,0.2948,5,
2010,3,2010/1/18,7169,53,2129,716,1413,0.0074,0.297,5,
2010,4,2010/1/25,6436,24,1954,512,1442,0.0037,0.3036,5,
2010,5,2010/2/1,6325,32,1729,343,1386,0.0051,0.2734,5,
2010,6,2010/2/8,4747,18,1246,213,1033,0.0038,0.2625,5,
2010,7,2010/2/15,3338,12,755,102,653,0.0036,0.2262,5,
2010,8,2010/2/22,5465,24,1133,158,975,0.0044,0.2073,5,
2010,9,2010/3/1,5630,20,1156,181,975,0.0036,0.2053,5,
2010,10,2010/3/8,5699,20,1346,162,1184,0.0035,0.2362,5,
2010,11,2010/3/15,6216,13,1498,132,1366,0.0021,0.241,5,
2010,12,2010/3/22,5618,13,1207,93,1114,0.0023,0.2148,5,
2010,13,2010/3/29,5490,14,1136,82,1054,0.0026,0.2069,5,
2010,14,2010/4/5,4642,14,721,57,664,0.003,0.1553,5,
2010,15,2010/4/12,3392,8,492,35,457,0.0024,0.145,5,
2010,16,2010/4/19,4924,12,604,44,560,0.0024,0.1227,5,
2010,17,2010/4/26,4101,6,479,30,449,0.0015,0.1168,5,
2010,18,2010/5/3,4354,5,392,35,357,0.0011,0.09,5,
2010,19,2010/5/10,4250,9,319,51,268,0.0021,0.0751,5,
2010,20,2010/5/17,3979,9,275,45,230,0.0023,0.0691,5,
2010,21,2010/5/24,3951,2,211,28,183,0.0005,0.0534,5,
2010,22,2010/5/31,3674,1,159,28,131,0.0003,0.0433,5,
2010,23,2010/6/7,3654,0,175,54,121,0,0.0479,5,
2010,24,2010/6/14,2741,1,78,15,63,0.0004,0.0285,5,
2010,25,2010/6/21,3607,2,129,39,90,0.0006,0.0358,5,
2010,26,2010/6/28,3311,11,155,63,92,0.0033,0.0468,5,
2010,27,2010/7/5,3683,29,189,86,103,0.0079,0.0513,5,
2010,28,2010/7/12,3883,58,236,118,118,0.0149,0.0608,5,
2010,29,2010/7/19,4122,110,307,184,123,0.0267,0.0745,5,
2010,30,2010/7/26,3817,135,330,222,108,0.0354,0.0865,5,
2010,31,2010/8/2,4076,186,417,330,87,0.0456,0.1023,5,
2010,32,2010/8/9,3595,263,457,389,68,0.0732,0.1271,4,
2010,33,2010/8/16,3636,272,468,398,70,0.0748,0.1287,4,
2010,34,2010/8/23,3723,361,618,566,52,0.097,0.166,4,
2010,35,2010/8/30,3700,443,698,633,65,0.1197,0.1886,4,
2010,36,2010/9/6,3739,660,964,910,54,0.1765,0.2578,4,
2010,37,2010/9/13,3697,653,916,864,52,0.1766,0.2478,4,
2010,38,2010/9/20,3202,534,745,698,47,0.1668,0.2327,4,
2010,39,2010/9/27,2912,485,621,585,36,0.1666,0.2133,4,
2010,40,2010/10/4,2655,333,434,404,30,0.1254,0.1635,4,
2010,41,2010/10/11,2999,269,378,339,39,0.0897,0.126,4,
2010,42,2010/10/18,2808,232,321,277,44,0.0826,0.1143,4,
2010,43,2010/10/25,3510,248,342,302,40,0.0707,0.0974,4,
2010,44,2010/11/1,3345,219,324,279,45,0.0655,0.0969,4,
2010,45,2010/11/8,3337,224,311,270,41,0.0671,0.0932,4,
2010,46,2010/11/15,2450,142,200,157,43,0.058,0.0816,4,
2010,47,2010/11/22,3094,223,324,266,58,0.0721,0.1047,4,
2010,48,2010/11/29,2889,272,355,301,54,0.0942,0.1229,4,
2010,49,2010/12/6,2752,269,358,330,28,0.0977,0.1301,4,
2010,50,2010/12/13,2889,236,341,289,52,0.0817,0.118,4,
2010,51,2010/12/20,4102,351,576,521,55,0.0856,0.1404,4,
2010,52,2010/12/27,2970,211,485,430,55,0.071,0.1633,4,
2011,1,2011/1/3,3100,196,731,673,58,0.0632,0.2358,4,
2011,2,2011/1/10,3392,137,1030,962,68,0.0404,0.3037,4,
2011,3,2011/1/17,4753,160,1558,1487,71,0.0337,0.3278,4,
2011,4,2011/1/24,4231,74,1415,1341,74,0.0175,0.3344,4,
2011,5,2011/1/31,1781,37,580,537,43,0.0208,0.3257,4,
2011,6,2011/2/7,2536,25,692,589,103,0.0099,0.2729,4,
2011,7,2011/2/14,3472,31,763,599,164,0.0089,0.2198,4,
2011,8,2011/2/21,3668,28,717,530,187,0.0076,0.1955,4,
2011,9,2011/2/28,4492,17,662,409,253,0.0038,0.1474,4,
2011,10,2011/3/7,4017,15,502,271,231,0.0037,0.125,4,
2011,11,2011/3/14,3953,10,450,147,303,0.0025,0.1138,4,
2011,12,2011/3/21,3770,8,367,88,279,0.0021,0.0973,4,
2011,13,2011/3/28,3198,8,315,48,267,0.0025,0.0985,4,
2011,14,2011/4/4,2438,1,240,16,224,0.0004,0.0984,4,
2011,15,2011/4/11,2523,0,222,9,213,0,0.088,4,
2011,16,2011/4/18,2903,0,197,8,189,0,0.0679,4,
2011,17,2011/4/25,2233,0,140,15,125,0,0.0627,3,
2011,18,2011/5/2,2040,0,111,2,109,0,0.0544,3,
2011,19,2011/5/9,2168,2,134,6,128,0.0009,0.0618,3,
2011,20,2011/5/16,2656,1,121,8,113,0.0004,0.0456,3,
2011,21,2011/5/23,2371,2,95,5,90,0.0008,0.0401,3,
2011,22,2011/5/30,1855,0,57,3,54,0,0.0307,3,
2011,23,2011/6/6,1763,4,41,8,33,0.0023,0.0233,3,
2011,24,2011/6/13,1911,1,39,4,35,0.0005,0.0204,3,
2011,25,2011/6/20,1804,0,29,1,28,0,0.0161,3,
2011,26,2011/6/27,1629,3,34,4,30,0.0018,0.0209,3,
2011,27,2011/7/4,1712,0,22,0,22,0,0.0129,3,
2011,28,2011/7/11,2231,0,36,2,34,0,0.0161,3,
2011,29,2011/7/18,1751,0,41,0,41,0,0.0234,3,
2011,30,2011/7/25,2149,2,57,7,50,0.0009,0.0265,3,
2011,31,2011/8/1,2411,7,65,7,58,0.0029,0.027,3,
2011,32,2011/8/8,2480,5,69,17,52,0.002,0.0278,3,
2011,33,2011/8/15,2032,10,62,12,50,0.0049,0.0305,3,
2011,34,2011/8/22,1696,6,43,8,35,0.0035,0.0254,3,
2011,35,2011/8/29,1840,8,64,11,53,0.0043,0.0348,3,
2011,36,2011/9/5,1677,19,66,22,44,0.0113,0.0394,3,
2011,37,2011/9/12,2309,16,62,21,41,0.0069,0.0269,3,
2011,38,2011/9/19,1964,3,38,5,33,0.0015,0.0193,3,
2011,39,2011/9/26,2212,10,59,12,47,0.0045,0.0267,3,
2011,40,2011/10/3,1869,10,60,14,46,0.0054,0.0321,3,
2011,41,2011/10/10,2446,14,48,18,30,0.0057,0.0196,3,
2011,42,2011/10/17,2777,9,42,13,29,0.0032,0.0151,3,
2011,43,2011/10/24,3328,14,84,16,68,0.0042,0.0252,3,
2011,44,2011/10/31,2836,3,84,8,76,0.0011,0.0296,3,
2011,45,2011/11/7,2725,6,172,10,162,0.0022,0.0631,3,
2011,46,2011/11/14,3953,11,166,29,137,0.0028,0.042,3,
2011,47,2011/11/21,3192,14,148,24,124,0.0044,0.0464,3,
2011,48,2011/11/28,2946,6,144,13,131,0.002,0.0489,3,
2011,49,2011/12/5,3346,12,222,24,198,0.0036,0.0663,3,
2011,50,2011/12/12,4862,21,426,35,391,0.0043,0.0876,3,
2011,51,2011/12/19,4624,28,623,46,577,0.0061,0.1347,4,
2011,52,2011/12/26,3857,34,758,46,712,0.0088,0.1965,4,
2012,1,2012/1/2,5236,90,1088,99,989,0.0172,0.2078,5,
2012,2,2012/1/9,5897,97,1484,108,1376,0.0164,0.2517,5,
2012,3,2012/1/16,4896,84,1253,94,1159,0.0172,0.2559,5,
2012,4,2012/1/23,2685,58,704,69,635,0.0216,0.2622,4,
2012,5,2012/1/30,5166,127,1393,147,1246,0.0246,0.2696,5,
2012,6,2012/2/6,5609,158,1657,181,1476,0.0282,0.2954,5,
2012,7,2012/2/13,6461,270,2324,306,2018,0.0418,0.3597,5,
2012,8,2012/2/20,7050,426,2763,470,2293,0.0604,0.3919,5,
2012,9,2012/2/27,5534,502,2469,549,1920,0.0907,0.4462,5,
2012,10,2012/3/5,6597,631,2347,698,1649,0.0956,0.3558,5,
2012,11,2012/3/12,6315,647,1987,727,1260,0.1025,0.3146,5,
2012,12,2012/3/19,5691,641,1483,720,763,0.1126,0.2606,5,
2012,13,2012/3/26,5614,653,1272,723,549,0.1163,0.2266,5,
2012,14,2012/4/2,3259,390,640,430,210,0.1197,0.1964,5,
2012,15,2012/4/9,3746,351,538,388,150,0.0937,0.1436,5,
2012,16,2012/4/16,3378,281,443,315,128,0.0832,0.1311,5,
2012,17,2012/4/23,2744,216,307,262,45,0.0787,0.1119,4,
2012,18,2012/4/30,2026,128,178,156,22,0.0632,0.0879,4,
2012,19,2012/5/7,2768,176,245,221,24,0.0636,0.0885,4,
2012,20,2012/5/14,2190,129,191,173,18,0.0589,0.0872,4,
2012,21,2012/5/21,1138,140,194,169,25,0.123,0.1705,4,
2012,22,2012/5/28,2049,136,181,170,11,0.0664,0.0883,4,
2012,23,2012/6/4,2137,153,194,178,16,0.0716,0.0908,4,
2012,24,2012/6/11,2028,138,174,166,8,0.068,0.0858,4,
2012,25,2012/6/18,1969,174,215,205,10,0.0884,0.1092,4,
2012,26,2012/6/25,2579,288,359,337,22,0.1117,0.1392,4,
2012,27,2012/7/2,2663,412,469,460,9,0.1547,0.1761,4,
2012,28,2012/7/9,2656,466,530,521,9,0.1755,0.1995,4,
2012,29,2012/7/16,2688,539,588,578,10,0.2005,0.2188,4,
2012,30,2012/7/23,2672,622,689,671,18,0.2328,0.2579,4,
2012,31,2012/7/30,2650,552,603,593,10,0.2083,0.2275,4,
2012,32,2012/8/6,2701,500,542,532,10,0.1851,0.2007,4,
2012,33,2012/8/13,2418,363,396,387,9,0.1501,0.1638,4,
2012,34,2012/8/20,2153,317,352,338,14,0.1472,0.1635,4,
2012,35,2012/8/27,2391,297,329,319,10,0.1242,0.1376,4,
2012,36,2012/9/3,1919,211,243,240,3,0.11,0.1266,4,
2012,37,2012/9/10,2258,179,208,197,11,0.0793,0.0921,4,
2012,38,2012/9/17,2692,140,153,149,4,0.052,0.0568,4,
2012,39,2012/9/24,2160,86,105,95,10,0.0398,0.0486,4,
2012,40,2012/10/1,1631,36,41,38,3,0.0221,0.0251,4,
2012,41,2012/10/8,3185,37,45,40,5,0.0116,0.0141,4,
2012,42,2012/10/15,3369,44,63,49,14,0.0131,0.0187,4,
2012,43,2012/10/22,3539,47,67,54,13,0.0133,0.0189,4,
2012,44,2012/10/29,3542,67,92,74,18,0.0189,0.026,4,
2012,45,2012/11/5,3481,71,85,76,9,0.0204,0.0244,4,
2012,46,2012/11/12,4423,119,155,123,32,0.0269,0.035,4,
2012,47,2012/11/19,3707,148,197,166,31,0.0399,0.0531,4,
2012,48,2012/11/26,3904,214,238,224,14,0.0548,0.061,4,
2012,49,2012/12/3,4587,285,342,309,33,0.0621,0.0746,4,
2012,50,2012/12/10,3988,351,442,408,34,0.088,0.1108,4,
2012,51,2012/12/17,5125,461,568,519,49,0.09,0.1108,4,
2012,52,2012/12/24,4641,454,531,504,27,0.0978,0.1144,4,
2013,1,2012/12/31,,257,323,305,18,,,4,
2013,2,2013/1/7,5380,523,695,673,22,0.0972,0.1292,4,
2013,3,2013/1/14,4875,468,579,562,17,0.096,0.1188,4,
2013,4,2013/1/21,5941,380,1178,1154,24,0.064,0.1983,4,
2013,5,2013/1/28,4797,245,818,798,20,0.0511,0.1705,4,
2013,6,2013/2/4,2679,111,373,369,4,0.0414,0.1392,4,
2013,7,2013/2/11,2968,111,392,384,8,0.0374,0.1321,4,
2013,8,2013/2/18,3945,105,463,451,12,0.0266,0.1174,4,
2013,9,2013/2/25,5858,186,689,669,20,0.0318,0.1176,4,
2013,10,2013/3/4,5766,149,704,683,21,0.0258,0.1221,4,
2013,11,2013/3/11,5218,115,575,557,18,0.022,0.1102,4,
2013,12,2013/3/18,5784,84,575,556,19,0.0145,0.0994,4,
2013,13,2013/3/25,5368,67,433,425,8,0.0125,0.0807,4,
2013,14,2013/4/1,5563,58,458,444,14,0.0104,0.0823,4,
2013,15,2013/4/8,6866,57,554,527,27,0.0083,0.0807,4,
2013,16,2013/4/15,6653,48,483,455,28,0.0072,0.0726,4,
2013,17,2013/4/22,6354,61,450,420,30,0.0096,0.0708,4,
2013,18,2013/4/29,5330,36,353,337,16,0.0068,0.0662,4,
2013,19,2013/5/6,5848,18,293,284,9,0.0031,0.0501,4,
2013,20,2013/5/13,5260,19,198,184,14,0.0036,0.0376,4,
2013,21,2013/5/20,5751,20,224,209,15,0.0035,0.0389,4,
2013,22,2013/5/27,5170,13,148,130,18,0.0025,0.0286,4,
2013,23,2013/6/3,4761,16,145,127,18,0.0034,0.0305,4,
2013,24,2013/6/10,4963,16,127,116,11,0.0032,0.0256,4,
2013,25,2013/6/17,5537,18,123,105,18,0.0033,0.0222,4,
2013,26,2013/6/24,4835,25,149,127,22,0.0052,0.0308,4,
2013,27,2013/7/1,5253,42,150,127,23,0.008,0.0286,3,
2013,28,2013/7/8,4875,33,109,97,12,0.0068,0.0224,3,
2013,29,2013/7/15,4986,34,116,98,18,0.0068,0.0233,3,
2013,30,2013/7/22,5270,70,154,130,24,0.0133,0.0292,3,
2013,31,2013/7/29,4548,76,148,134,14,0.0167,0.0325,3,
2013,32,2013/8/5,5321,69,143,123,20,0.013,0.0269,3,
2013,33,2013/8/12,5544,113,201,167,34,0.0204,0.0363,3,
2013,34,2013/8/19,5711,80,148,124,24,0.014,0.0259,3,
2013,35,2013/8/26,5219,130,197,171,26,0.0249,0.0377,3,
2013,36,2013/9/2,4831,136,226,185,41,0.0282,0.0468,3,
2013,37,2013/9/9,5701,217,323,257,66,0.0381,0.0567,3,
2013,38,2013/9/16,5111,198,310,236,74,0.0387,0.0607,3,
2013,39,2013/9/23,5936,201,301,230,71,0.0339,0.0507,3,
2013,40,2013/9/30,4931,147,222,171,51,0.0298,0.045,3,
2013,41,2013/10/7,7858,182,290,225,65,0.0232,0.0369,3,
2013,42,2013/10/14,7874,172,304,219,85,0.0218,0.0386,3,
2013,43,2013/10/21,7321,151,307,210,97,0.0206,0.0419,3,
2013,44,2013/10/28,8313,187,407,289,118,0.0225,0.049,3,
2013,45,2013/11/4,7365,199,419,295,124,0.027,0.0569,3,
2013,46,2013/11/11,8711,230,628,394,234,0.0264,0.0721,3,
2013,47,2013/11/18,8107,297,697,437,260,0.0366,0.086,4,
2013,48,2013/11/25,9906,498,1187,766,421,0.0503,0.1198,4,
2013,49,2013/12/2,10069,691,1564,1034,530,0.0686,0.1553,4,
2013,50,2013/12/9,9987,822,1950,1325,625,0.0823,0.1953,5,
2013,51,2013/12/16,9571,976,2281,1608,673,0.102,0.2383,5,
2013,52,2013/12/23,11193,1212,3399,2415,984,0.1083,0.3037,5,
2014,1,2013/12/30,10751,1129,3760,2753,1007,0.105,0.3497,5,
2014,2,2014/1/6,10199,899,3780,2758,1022,0.0881,0.3706,5,
2014,3,2014/1/13,10756,818,4091,2982,1109,0.0761,0.3803,5,
2014,4,2014/1/20,9621,644,3488,2541,947,0.0669,0.3625,5,
2014,5,2014/1/27,6575,347,2139,1491,648,0.0528,0.3253,5,
2014,6,2014/2/3,8275,343,2339,1540,799,0.0415,0.2827,5,
2014,7,2014/2/10,9884,261,2252,1375,877,0.0264,0.2278,5,
2014,8,2014/2/17,9713,218,2071,1164,907,0.0224,0.2132,5,
2014,9,2014/2/24,10304,245,2178,1101,1077,0.0238,0.2114,5,
2014,10,2014/3/3,9645,171,1815,832,983,0.0177,0.1882,5,
2014,11,2014/3/10,8715,190,1541,619,922,0.0218,0.1768,5,
2014,12,2014/3/17,9853,151,1526,520,1006,0.0153,0.1549,5,
2014,13,2014/3/24,8956,124,1119,411,708,0.0138,0.1249,4,
2014,14,2014/3/31,6403,83,682,234,448,0.013,0.1065,4,
2014,15,2014/4/7,5909,66,475,169,306,0.0112,0.0804,4,
2014,16,2014/4/14,6491,83,410,168,242,0.0128,0.0632,4,
2014,17,2014/4/21,5941,100,341,158,183,0.0168,0.0574,4,
2014,18,2014/4/28,6026,102,294,136,158,0.0169,0.0488,4,
2014,19,2014/5/5,6514,140,312,170,142,0.0215,0.0479,4,
2014,20,2014/5/12,6269,186,323,203,120,0.0297,0.0515,4,
2014,21,2014/5/19,5549,152,254,159,95,0.0274,0.0458,4,
2014,22,2014/5/26,5273,208,289,221,68,0.0394,0.0548,4,
2014,23,2014/6/2,6523,357,422,367,55,0.0547,0.0647,4,
2014,24,2014/6/9,6549,531,592,548,44,0.0811,0.0904,4,
2014,25,2014/6/16,6104,478,537,483,54,0.0783,0.088,4,
2014,26,2014/6/23,5313,592,662,607,55,0.1114,0.1246,4,
2014,27,2014/6/30,5373,671,720,679,41,0.1249,0.134,4,
2014,28,2014/7/7,6937,987,1041,997,44,0.1423,0.1501,4,
2014,29,2014/7/14,6598,1119,1158,1122,36,0.1696,0.1755,4,
2014,30,2014/7/21,6369,1179,1229,1187,42,0.1851,0.193,4,
2014,31,2014/7/28,5912,1125,1169,1136,33,0.1903,0.1977,4,
2014,32,2014/8/4,5450,921,969,926,43,0.169,0.1778,4,
2014,33,2014/8/11,5502,933,989,941,48,0.1696,0.1798,4,
2014,34,2014/8/18,5953,845,902,853,49,0.1419,0.1515,4,
2014,35,2014/8/25,6314,747,822,751,71,0.1183,0.1302,4,
2014,36,2014/9/1,6472,666,726,670,56,0.1029,0.1122,4,
2014,37,2014/9/8,6320,535,624,549,75,0.0847,0.0987,4,
2014,38,2014/9/15,5893,364,465,378,87,0.0618,0.0789,4,
2014,39,2014/9/22,5517,244,314,250,64,0.0442,0.0569,4,
2014,40,2014/9/29,6777,215,278,219,59,0.0317,0.041,4,
2014,41,2014/10/6,8728,224,285,231,54,0.0257,0.0327,4,
2014,42,2014/10/13,8898,186,235,192,43,0.0209,0.0264,4,
2014,43,2014/10/20,8004,189,263,207,56,0.0236,0.0329,4,
2014,44,2014/10/27,9703,271,320,276,44,0.0279,0.033,4,
2014,45,2014/11/3,9948,346,400,352,48,0.0348,0.0402,4,
2014,46,2014/11/10,9941,480,542,491,51,0.0483,0.0545,4,
2014,47,2014/11/17,9780,741,838,763,75,0.0758,0.0857,4,
2014,48,2014/11/24,8622,794,889,822,67,0.0921,0.1031,4,
2014,49,2014/12/1,8952,1184,1288,1215,73,0.1323,0.1439,4,
2014,50,2014/12/8,9179,1508,1663,1533,130,0.1643,0.1812,4,
2014,51,2014/12/15,9318,1875,2075,1884,191,0.2012,0.2227,4,
2014,52,2014/12/22,9193,1886,2255,1897,358,0.2052,0.2453,4,
2015,1,2014/12/29,8370,1538,1938,1553,385,0.1838,0.2315,4,
2015,2,2015/1/5,10194,1922,2587,1950,637,0.1885,0.2538,4,
2015,3,2015/1/12,11088,1440,2331,1458,873,0.1299,0.2102,4,
2015,4,2015/1/19,11085,1149,2125,1176,949,0.1037,0.1917,4,
2015,5,2015/1/26,10487,800,1729,812,917,0.0763,0.1649,4,
2015,6,2015/2/2,9912,618,1515,627,888,0.0623,0.1528,4,
2015,7,2015/2/9,9588,465,1426,470,956,0.0485,0.1487,4,
2015,8,2015/2/16,7481,314,1061,321,740,0.042,0.1418,4,
2015,9,2015/2/23,9067,332,1281,345,936,0.0366,0.1413,4,
2015,10,2015/3/2,10513,352,1273,371,902,0.0335,0.1211,4,
2015,11,2015/3/9,10182,341,1468,358,1110,0.0335,0.1442,4,
2015,12,2015/3/16,9276,263,1345,271,1074,0.0284,0.145,4,
2015,13,2015/3/23,8803,181,1232,185,1047,0.0206,0.14,4,
2015,14,2015/3/30,8804,172,1079,181,898,0.0195,0.1226,4,
2015,15,2015/4/6,7012,144,680,153,527,0.0205,0.097,4,
2015,16,2015/4/13,6340,129,601,134,467,0.0203,0.0948,4,
2015,17,2015/4/20,7792,161,665,165,500,0.0207,0.0853,4,
2015,18,2015/4/27,7348,159,548,171,377,0.0216,0.0746,3,
2015,19,2015/5/4,7622,171,552,181,371,0.0224,0.0724,3,
2015,20,2015/5/11,7087,163,451,171,280,0.023,0.0636,3,
2015,21,2015/5/18,6631,237,455,248,207,0.0357,0.0686,3,
2015,22,2015/5/25,5913,267,398,277,121,0.0452,0.0673,3,
2015,23,2015/6/1,7044,461,625,466,159,0.0654,0.0887,3,
2015,24,2015/6/8,6989,643,813,653,160,0.092,0.1163,4,
2015,25,2015/6/15,6352,882,1007,888,119,0.1389,0.1585,4,
2015,26,2015/6/22,5754,927,1031,930,101,0.1611,0.1792,4,
2015,27,2015/6/29,6536,1183,1325,1196,129,0.181,0.2027,4,
2015,28,2015/7/6,6545,1171,1302,1185,117,0.1789,0.1989,4,
2015,29,2015/7/13,5924,1097,1216,1117,99,0.1852,0.2053,4,
2015,30,2015/7/20,6509,1283,1389,1289,100,0.1971,0.2134,4,
2015,31,2015/7/27,5863,1318,1430,1331,99,0.2248,0.2439,4,
2015,32,2015/8/3,6496,1110,1190,1112,78,0.1709,0.1832,4,
2015,33,2015/8/10,6168,942,1015,946,69,0.1527,0.1646,4,
2015,34,2015/8/17,5574,796,854,796,58,0.1428,0.1532,4,
2015,35,2015/8/24,6241,733,799,738,61,0.1174,0.128,4,
2015,36,2015/8/31,5262,502,549,506,43,0.0954,0.1043,4,
2015,37,2015/9/7,6291,433,486,433,53,0.0688,0.0773,3,
2015,38,2015/9/14,5868,278,318,279,39,0.0474,0.0542,3,
2015,39,2015/9/21,6181,185,225,186,39,0.0299,0.0364,3,
2015,40,2015/9/28,6026,129,164,130,34,0.0214,0.0272,3,
2015,41,2015/10/5,8465,161,202,162,40,0.019,0.0239,3,
2015,42,2015/10/12,9308,140,194,142,52,0.015,0.0208,3,
2015,43,2015/10/19,9902,150,237,159,78,0.0151,0.0239,3,
2015,44,2015/10/26,9703,92,170,96,74,0.0095,0.0175,3,
2015,45,2015/11/2,9249,83,172,86,86,0.009,0.0186,3,
2015,46,2015/11/9,8639,97,176,99,77,0.0112,0.0204,3,
2015,47,2015/11/16,9580,128,251,146,105,0.0134,0.0262,3,
2015,48,2015/11/23,8508,133,276,154,122,0.0156,0.0324,3,
2015,49,2015/11/30,4893,66,156,86,70,0.0135,0.0319,3,
2015,50,2015/12/7,10473,222,556,360,196,0.0212,0.0531,3,
2015,51,2015/12/14,10070,275,775,521,254,0.0273,0.077,3,
2015,52,2015/12/21,10653,359,1088,710,378,0.0337,0.1021,3,
2015,53,2015/12/28,9935,387,1322,829,493,0.039,0.1331,4,
2016,1,2016/1/4,9868,502,2731,2148,583,0.0509,0.2768,4,
2016,2,2016/1/11,11563,654,2408,1536,872,0.0566,0.2083,4,
2016,3,2016/1/18,11658,713,2891,1706,1185,0.0612,0.248,4,
2016,4,2016/1/25,10561,606,2833,1580,1253,0.0574,0.2683,4,
2016,5,2016/2/1,7882,393,2146,1229,917,0.0499,0.2723,4,
2016,6,2016/2/8,7643,376,2135,1269,866,0.0492,0.2793,4,
2016,7,2016/2/15,9917,507,2820,1454,1366,0.0511,0.2844,4,
2016,8,2016/2/22,10856,434,3176,1444,1732,0.04,0.2926,4,
2016,9,2016/2/29,10075,336,3205,1220,1985,0.0333,0.3181,5,
2016,10,2016/3/7,10031,223,3556,1097,2459,0.0222,0.3545,5,
2016,11,2016/3/14,12223,197,4367,1114,3253,0.0161,0.3573,5,
2016,12,2016/3/21,11583,163,4070,1022,3048,0.0141,0.3514,5,
2016,13,2016/3/28,10265,91,3247,734,2513,0.0089,0.3163,5,
2016,14,2016/4/4,6948,44,2028,493,1535,0.0063,0.2919,5,
2016,15,2016/4/11,7071,48,1746,464,1282,0.0068,0.2469,4,
2016,16,2016/4/18,6384,32,1228,300,928,0.005,0.1924,4,
2016,17,2016/4/25,5741,20,958,243,715,0.0035,0.1669,4,
2016,18,2016/5/2,6017,14,698,163,535,0.0023,0.116,3,
2016,19,2016/5/9,6193,4,533,91,442,0.0006,0.0861,3,
2016,20,2016/5/16,6152,2,424,77,347,0.0003,0.0689,3,
2016,21,2016/5/23,6452,1,384,53,331,0.0002,0.0595,3,
2016,22,2016/5/30,5732,13,288,57,231,0.0023,0.0502,0,
2016,23,2016/6/6,6390,8,290,44,246,0.0013,0.0454,0,
2016,24,2016/6/13,5842,9,167,22,145,0.0015,0.0286,0,
2016,25,2016/6/20,5960,10,151,28,123,0.0017,0.0253,3,
2016,26,2016/6/27,5701,7,146,22,124,0.0012,0.0256,3,
2016,27,2016/7/4,6093,4,110,13,97,0.0007,0.0181,3,
2016,28,2016/7/11,5932,15,120,31,89,0.0025,0.0202,3,
2016,29,2016/7/18,5731,23,104,29,75,0.004,0.0181,3,
2016,30,2016/7/25,5711,20,102,32,70,0.0035,0.0179,3,
2016,31,2016/8/1,6285,36,109,45,64,0.0057,0.0173,3,
2016,32,2016/8/8,5735,67,123,69,54,0.0117,0.0214,3,
2016,33,2016/8/15,5612,97,142,100,42,0.0173,0.0253,3,
2016,34,2016/8/22,5753,157,210,163,47,0.0273,0.0365,3,
2016,35,2016/8/29,6160,181,226,184,42,0.0294,0.0367,3,
2016,36,2016/9/5,5526,200,229,209,20,0.0362,0.0414,3,
2016,37,2016/9/12,6396,301,334,309,25,0.0471,0.0522,3,
2016,38,2016/9/19,6606,325,352,335,17,0.0492,0.0533,3,
2016,39,2016/9/26,6571,343,365,347,18,0.0522,0.0555,3,
2016,40,2016/10/3,7080,357,378,364,14,0.0504,0.0534,3,
2016,41,2016/10/10,8076,431,479,457,22,0.0534,0.0593,3,
2016,42,2016/10/17,10306,714,749,720,29,0.0693,0.0727,3,
2016,43,2016/10/24,9735,805,850,827,23,0.0827,0.0873,4,
2016,44,2016/10/31,8995,825,887,865,22,0.0917,0.0986,4,
2016,45,2016/11/7,9989,1143,1172,1151,21,0.1144,0.1173,4,
2016,46,2016/11/14,8934,1168,1218,1193,25,0.1307,0.1363,4,
2016,47,2016/11/21,10191,1296,1345,1311,34,0.1272,0.132,4,
2016,48,2016/11/28,9171,1483,1523,1499,24,0.1617,0.1661,4,
2016,49,2016/12/5,10317,1896,1925,1910,15,0.1838,0.1866,5,
2016,50,2016/12/12,9328,1813,1883,1861,22,0.1944,0.2019,5,
2016,51,2016/12/19,9548,2120,2190,2169,21,0.222,0.2294,5,
2016,52,2016/12/26,6528,1403,1490,1474,16,0.2149,0.2282,5,
2017,1,2017/1/2,11189,2248,2448,2395,53,0.2009,0.2188,5,
2017,2,2017/1/9,11376,2018,2253,2184,69,0.1774,0.198,5,
2017,3,2017/1/16,11379,1778,2026,1976,50,0.1563,0.178,5,
2017,4,2017/1/23,9058,1192,1496,1451,45,0.1316,0.1652,5,
2017,5,2017/1/30,9051,1117,1466,1404,62,0.1234,0.162,5,
2017,6,2017/2/6,9846,1005,1384,1317,67,0.1021,0.1406,5,
2017,7,2017/2/13,7834,726,1121,1060,61,0.0927,0.1431,4,
2017,8,2017/2/20,11290,886,1577,1480,97,0.0785,0.1397,4,
2017,9,2017/2/27,11324,668,1634,1460,174,0.059,0.1443,5,
2017,10,2017/3/6,10790,483,1631,1417,214,0.0448,0.1512,5,
2017,11,2017/3/13,10018,334,1552,1263,289,0.0333,0.1549,5,
2017,12,2017/3/20,6132,143,960,731,229,0.0233,0.1566,5,
2017,13,2017/3/27,10068,198,1471,1075,396,0.0197,0.1461,5,
2017,14,2017/4/3,6158,91,877,562,315,0.0148,0.1424,5,
2017,15,2017/4/10,7499,63,949,606,343,0.0084,0.1266,5,
2017,16,2017/4/17,6124,55,699,395,304,0.009,0.1141,5,
2017,17,2017/4/24,7188,70,777,485,292,0.0097,0.1081,3,
2017,18,2017/5/1,6912,60,664,363,301,0.0087,0.0961,3,
2017,19,2017/5/8,7593,63,543,282,261,0.0083,0.0715,3,
2017,20,2017/5/15,7342,75,587,367,220,0.0102,0.08,3,
2017,21,2017/5/22,6733,65,445,266,179,0.0097,0.0661,3,
2017,22,2017/5/29,6331,41,289,192,97,0.0065,0.0456,3,
2017,23,2017/6/5,6936,63,303,191,112,0.0091,0.0437,3,
2017,24,2017/6/12,7104,106,333,221,112,0.0149,0.0469,3,
2017,25,2017/6/19,6766,187,378,296,82,0.0276,0.0559,3,
2017,26,2017/6/26,6985,312,559,456,103,0.0447,0.08,3,
2017,27,2017/7/3,7173,486,695,623,72,0.0678,0.0969,3,
2017,28,2017/7/10,6485,727,922,848,74,0.1121,0.1422,3,
2017,29,2017/7/17,6569,1049,1211,1127,84,0.1597,0.1844,3,
2017,30,2017/7/24,6404,1073,1239,1145,94,0.1676,0.1935,3,
2017,31,2017/7/31,6361,1079,1183,1128,55,0.1696,0.186,3,
2017,32,2017/8/7,6729,1249,1344,1285,59,0.1856,0.1997,3,
2017,33,2017/8/14,7078,1447,1536,1489,47,0.2044,0.217,3,
2017,34,2017/8/21,6572,1422,1495,1447,48,0.2164,0.2275,3,
2017,35,2017/8/28,6630,1451,1535,1480,55,0.2189,0.2315,3,
2017,36,2017/9/4,6672,1235,1338,1271,67,0.1851,0.2005,3,
2017,37,2017/9/11,7020,1263,1361,1283,78,0.1799,0.1939,3,
2017,38,2017/9/18,7026,876,995,906,89,0.1247,0.1416,3,
2017,39,2017/9/25,7223,788,897,816,81,0.1091,0.1242,3,
2017,40,2017/10/2,6857,482,547,493,54,0.0703,0.0798,3,
2017,41,2017/10/9,10194,695,818,709,109,0.0682,0.0802,3,
2017,42,2017/10/16,10260,612,813,640,173,0.0596,0.0792,3,
2017,43,2017/10/23,10819,542,857,580,277,0.0501,0.0792,3,
2017,44,2017/10/30,10241,434,790,467,323,0.0424,0.0771,3,
2017,45,2017/11/6,10544,387,1032,479,553,0.0367,0.0979,3,
2017,46,2017/11/13,10616,375,1177,454,723,0.0353,0.1109,3,
2017,47,2017/11/20,10820,414,1582,591,991,0.0383,0.1462,3,
2017,48,2017/11/27,11810,544,2508,852,1656,0.0461,0.2124,4,
2017,49,2017/12/4,11809,644,3152,1127,2025,0.0545,0.2669,5,
2017,50,2017/12/11,12367,735,4152,1501,2651,0.0594,0.3357,5,
2017,51,2017/12/18,12162,680,4814,1738,3076,0.0559,0.3958,5,
2017,52,2017/12/25,11700,608,5014,1930,3084,0.052,0.4285,5,
2018,1,2018/1/1,12045,575,5488,2400,3088,0.0477,0.4556,5,
2018,2,2018/1/8,13046,504,6025,3022,3003,0.0386,0.4618,5,
2018,3,2018/1/15,13211,461,6159,3424,2735,0.0349,0.4662,5,
2018,4,2018/1/22,12677,343,5401,3285,2116,0.0271,0.426,5,
2018,5,2018/1/29,11960,255,4705,2954,1751,0.0213,0.3934,5,
2018,6,2018/2/5,11502,239,4069,2687,1382,0.0208,0.3538,5,
2018,7,2018/2/12,7689,147,2464,1542,922,0.0191,0.3205,5,
2018,8,2018/2/19,9774,161,2901,1885,1016,0.0165,0.2968,5,
2018,9,2018/2/26,10443,113,2028,1277,751,0.0108,0.1942,5,
2018,10,2018/3/5,10966,115,2120,1343,777,0.0105,0.1933,4,
2018,11,2018/3/12,10692,78,1611,1061,550,0.0073,0.1507,4,
2018,12,2018/3/19,10453,57,1140,767,373,0.0055,0.1091,4,
2018,13,2018/3/26,10122,44,787,546,241,0.0043,0.0778,4,
2018,14,2018/4/2,6556,24,449,335,114,0.0037,0.0685,3,
2018,15,2018/4/9,6968,5,339,224,115,0.0007,0.0487,3,
2018,16,2018/4/16,7185,10,280,191,89,0.0014,0.039,3,
2018,17,2018/4/23,6636,8,198,149,49,0.0012,0.0298,3,
2018,18,2018/4/30,6057,8,154,116,38,0.0013,0.0254,3,
2018,19,2018/5/7,6503,7,126,94,32,0.0011,0.0194,3,
2018,20,2018/5/14,6865,2,123,87,36,0.0003,0.0179,3,
2018,21,2018/5/21,6362,3,96,73,23,0.0005,0.0151,3,
2018,22,2018/5/28,6077,5,104,67,37,0.0008,0.0171,3,
2018,23,2018/6/4,6424,1,62,51,11,0.0002,0.0097,3,
2018,24,2018/6/11,6018,3,81,70,11,0.0005,0.0135,3,
2018,25,2018/6/18,6212,6,107,77,30,0.001,0.0172,3,
2018,26,2018/6/25,6211,1,58,50,8,0.0002,0.0093,3,
2018,27,2018/7/2,6599,4,89,61,28,0.0006,0.0135,3,
2018,28,2018/7/9,6252,1,66,55,11,0.0002,0.0106,3,
2018,29,2018/7/16,6257,2,53,45,8,0.0003,0.0085,3,
2018,30,2018/7/23,5946,1,70,66,4,0.0002,0.0118,3,
2018,31,2018/7/30,5723,0,50,45,5,0,0.0087,3,
2018,32,2018/8/6,6137,1,42,38,4,0.0002,0.0068,3,
2018,33,2018/8/13,6050,3,49,46,3,0.0005,0.0081,3,
2018,34,2018/8/20,6038,0,48,45,3,0,0.0079,3,
2018,35,2018/8/27,5881,0,57,54,3,0,0.0097,3,
2018,36,2018/9/3,5725,1,56,52,4,0.0002,0.0098,3,
2018,37,2018/9/10,6007,11,63,61,2,0.0018,0.0105,3,
2018,38,2018/9/17,6311,7,69,65,4,0.0011,0.0109,3,
2018,39,2018/9/24,6230,5,60,55,5,0.0008,0.0096,3,
2018,40,2018/10/1,7668,3,42,36,6,0.0004,0.0055,3,
2018,41,2018/10/8,9587,9,68,63,5,0.0009,0.0071,3,
2018,42,2018/10/15,10432,13,92,88,4,0.0012,0.0088,3,
2018,43,2018/10/22,9998,7,132,123,9,0.0007,0.0132,3,
2018,44,2018/10/29,10268,17,182,171,11,0.0017,0.0177,3,
2018,45,2018/11/5,10246,27,232,222,10,0.0026,0.0226,3,
2018,46,2018/11/12,10781,30,308,298,10,0.0028,0.0286,3,
2018,47,2018/11/19,10703,31,493,482,11,0.0029,0.0461,3,
2018,48,2018/11/26,11439,46,780,760,20,0.004,0.0682,3,
2018,49,2018/12/3,11181,61,887,882,5,0.0055,0.0793,3,
2018,50,2018/12/10,11442,110,1297,1274,23,0.0096,0.1134,3,
2018,51,2018/12/17,12207,205,2180,2160,20,0.0168,0.1786,4,
2018,52,2018/12/24,11993,308,2783,2765,18,0.0257,0.2321,4,
2019,1,2018/12/31,12077,464,3632,3600,32,0.0384,0.3007,4,
2019,2,2019/1/7,13802,685,5296,5245,51,0.0496,0.3837,4,
2019,3,2019/1/14,14102,896,6118,6058,60,0.0635,0.4338,4,
2019,4,2019/1/21,13901,904,5809,5729,80,0.065,0.4179,4,
2019,5,2019/1/28,11780,858,4901,4821,80,0.0728,0.416,4,
2019,6,2019/2/4,8497,677,2996,2907,89,0.0797,0.3526,4,
2019,7,2019/2/11,11876,874,3849,3691,158,0.0736,0.3241,4,
2019,8,2019/2/18,11155,839,3311,3118,193,0.0752,0.2968,4,
2019,9,2019/2/25,11602,1125,3577,3191,386,0.097,0.3083,4,
2019,10,2019/3/4,11582,1329,3674,2891,783,0.1147,0.3172,4,
2019,11,2019/3/11,11751,1293,3755,2443,1312,0.11,0.3195,4,
2019,12,2019/3/18,11491,1072,3532,1767,1765,0.0933,0.3074,4,
2019,13,2019/3/25,11282,955,3530,1371,2159,0.0846,0.3129,4,
2019,14,2019/4/1,5125,394,1636,562,1074,0.0769,0.3192,4,
2019,15,2019/4/8,8133,430,2396,600,1796,0.0529,0.2946,4,
2019,16,2019/4/15,7643,343,2164,461,1703,0.0449,0.2831,4,
2019,17,2019/4/22,7186,264,1824,325,1499,0.0367,0.2538,4,
2019,18,2019/4/29,5972,168,1270,217,1053,0.0281,0.2127,4,
2019,19,2019/5/6,6958,147,1367,180,1187,0.0211,0.1965,4,
2019,20,2019/5/13,7322,162,1417,199,1218,0.0221,0.1935,4,
2019,21,2019/5/20,6987,131,1274,181,1093,0.0187,0.1823,4,
2019,22,2019/5/27,6657,89,1011,112,899,0.0134,0.1519,4,
2019,23,2019/6/3,6149,97,881,119,762,0.0158,0.1433,3,
2019,24,2019/6/10,4306,50,438,53,385,0.0116,0.1017,3,
2019,25,2019/6/17,6721,93,699,114,585,0.0138,0.104,3,
2019,26,2019/6/24,6665,121,646,143,503,0.0182,0.0969,3,
2019,27,2019/7/1,6619,122,572,135,437,0.0184,0.0864,3,
2019,28,2019/7/8,6417,130,531,143,388,0.0203,0.0827,3,
2019,29,2019/7/15,6425,150,508,165,343,0.0233,0.0791,3,
2019,30,2019/7/22,6378,172,511,185,326,0.027,0.0801,3,
2019,31,2019/7/29,6230,185,479,207,272,0.0297,0.0769,3,
2019,32,2019/8/5,6188,206,461,217,244,0.0333,0.0745,3,
2019,33,2019/8/12,6068,183,396,198,198,0.0302,0.0653,3,
2019,34,2019/8/19,4393,97,217,104,113,0.0221,0.0494,3,
2019,35,2019/8/26,6080,148,297,172,125,0.0243,0.0488,3,
2019,36,2019/9/2,4840,130,236,155,81,0.0269,0.0488,3,
2019,40,2019/9/30,7609,83,175,109,66,0.0109,0.023,,
2019,41,2019/10/7,10490,148,247,174,73,0.0141,0.0235,3,
2019,42,2019/10/14,9989,210,292,224,68,0.021,0.0292,3,
2019,43,2019/10/21,10523,242,359,260,99,0.023,0.0341,3,
2019,44,2019/10/28,10568,378,473,391,82,0.0358,0.0448,3,
2019,45,2019/11/4,10747,457,608,474,134,0.0425,0.0566,3,
2019,46,2019/11/11,10946,579,748,604,144,0.0529,0.0683,3,
2019,47,2019/11/18,11289,904,1179,927,252,0.0801,0.1044,3,
2019,48,2019/11/25,8601,818,1074,844,230,0.0951,0.1249,3,
2019,49,2019/12/2,11961,2000,2602,2054,548,0.1672,0.2175,3,
2019,50,2019/12/9,13074,3175,4139,3268,871,0.2428,0.3166,3,
2019,51,2019/12/16,13361,3930,5366,4143,1223,0.2941,0.4016,3,
2019,52,2019/12/23,13446,4404,6069,4652,1417,0.3275,0.4514,3,
2020,1,2019/12/30,13341,4334,6211,4631,1580,0.3249,0.4656,3,
2020,2,2020/1/6,13351,3774,5886,4174,1712,0.2827,0.4409,3,
2020,3,2020/1/13,12982,2752,5008,3269,1739,0.212,0.3858,3,
2020,4,2020/1/20,11680,1783,3937,2444,1493,0.1527,0.3371,3,
2020,5,2020/1/27,8465,779,2123,1193,930,0.092,0.2508,3,
2020,6,2020/2/3,7847,322,935,483,452,0.041,0.1192,3,
2020,7,2020/2/10,6416,146,350,215,135,0.0228,0.0546,3,
2020,8,2020/2/17,7063,86,190,137,53,0.0122,0.0269,3,
2020,9,2020/2/24,6145,70,131,107,24,0.0114,0.0213,3,
2020,10,2020/3/2,8081,31,94,67,27,0.0038,0.0116,3,
2020,11,2020/3/9,8654,34,109,74,35,0.0039,0.0126,3,
2020,12,2020/3/16,9414,36,108,73,35,0.0038,0.0115,3,
2020,13,2020/3/23,9174,25,66,47,19,0.0027,0.0072,3,
2020,14,2020/3/30,5632,8,23,15,8,0.0014,0.0041,3,
2020,15,2020/4/6,6113,10,21,17,4,0.0016,0.0034,3,
2020,16,2020/4/13,4508,4,7,6,1,0.0009,0.0016,3,
2020,17,2020/4/20,6208,3,7,4,3,0.0005,0.0011,3,
2020,18,2020/4/27,5284,,,0,0,0,0,3,
2020,19,2020/5/4,6295,3,6,5,1,0.0005,0.001,3,
2020,20,2020/5/11,6219,2,7,3,4,0.0003,0.0011,3,
2020,21,2020/5/18,5028,,,,,0,0,3,
2020,22,2020/5/25,4889,,,,,0,0,3,
2020,23,2020/6/1,6219,,,,,0,0,3,
2020,24,2020/6/8,5544,6,16,9,7,0.0011,0.0029,3,
2020,25,2020/6/15,6247,,4,3,1,0,0.0006,3,
2020,26,2020/6/22,5813,,,,,0,0,3,
2020,27,2020/6/29,5870,,,,,0,0,3,
2020,28,2020/7/6,6277,,1,1,,0,0.0002,3,
2020,29,2020/7/13,6122,,4,4,,0,0.0007,3,
2020,30,2020/7/20,5946,7,8,8,,0.0012,0.0013,3,
2020,31,2020/7/27,6121,2,4,3,1,0.0003,0.0007,3,
2020,32,2020/8/3,6847,,,,,0,0,3,
2020,33,2020/8/10,6800,,2,,2,0,0.0003,3,
2020,34,2020/8/17,7025,1,2,1,1,0.0001,0.0003,3,
2020,35,2020/8/24,6615,,1,,1,0,0.0002,3,
2020,36,2020/8/31,6246,,2,,2,0,0.0003,3,
2020,37,2020/9/7,5151,,3,,3,0,0.0006,3,
2020,38,2020/9/14,6098,,2,,2,0,0.0003,3,
2020,39,2020/9/21,5120,,1,,1,0,0.0002,3,
2020,40,2020/9/28,7668,,5,2,3,0,0.0007,3,
2020,41,2020/10/5,7172,,2,,2,0,0.0003,3,
2020,42,2020/10/12,8403,3,4,4,,0.0004,0.0005,3,
2020,43,2020/10/19,8671,,5,1,4,0,0.0006,3,
2020,44,2020/10/26,8588,,5,1,4,0,0.0006,4,
2020,45,2020/11/2,9055,,2,,2,0,0.0002,3,
2020,46,2020/11/9,9725,1,4,2,2,0.0001,0.0004,3,
2020,47,2020/11/16,9317,2,12,3,9,0.0002,0.0013,4,
2020,48,2020/11/23,9725,1,4,2,2,0.0001,0.0004,3,
2020,49,2020/11/30,10415,,21,3,18,0,0.002,4,
2020,50,2020/12/7,9887,2,27,3,24,0.0002,0.0027,4,
2020,51,2020/12/14,10468,,35,,35,0,0.0033,4,
2020,52,2020/12/21,10077,,62,,62,0,0.0062,4,
2020,53,2020/12/28,9993,,57,1,56,0,0.0057,4,
2021,1,2021/1/4,10672,,123,2,121,0,0.0115,4,
2021,2,2021/1/11,10235,,123,1,122,0,0.012,4,
2021,3,2021/1/18,9417,,159,1,158,0,0.0169,4,
2021,4,2021/1/25,10032,,152,1,151,0,0.0152,4,
2021,5,2021/2/1,10578,,125,,125,0,0.0118,4,
2021,6,2021/2/8,8606,,56,1,55,0,0.0065,4,
2021,7,2021/2/15,9021,,56,,56,0,0.0062,4,
2021,8,2021/2/22,10456,,70,2,68,0,0.0067,4,
2021,9,2021/3/1,10458,,87,,87,0,0.0083,4,
2021,10,2021/3/8,10862,,102,,102,0,0.0094,4,
2021,11,2021/3/15,11887,,207,1,206,0,0.0174,4,
2021,12,2021/3/22,10828,,198,1,197,0,0.0183,4,
2021,13,2021/3/29,12904,1,218,2,216,0.0001,0.0169,4,
2021,14,2021/4/5,11072,,221,,221,0,0.02,4,
2021,15,2021/4/12,8670,,252,,252,0,0.0291,4,
2021,16,2021/4/19,11728,,320,,320,0,0.0273,4,
2021,17,2021/4/26,10448,,347,1,346,0,0.0332,4,
2021,18,2021/5/3,10422,,304,1,303,0,0.0292,4,
2021,19,2021/5/10,10487,,295,,295,0,0.0281,4,
2021,20,2021/5/17,8595,,345,,345,0,0.0401,4,
2021,21,2021/5/24,9989,,441,,441,0,0.0441,4,
2021,22,2021/5/31,8531,,391,1,390,0,0.0458,4,
2021,23,2021/6/7,7602,,354,2,352,0,0.0466,4,
2021,24,2021/6/14,7613,,277,,277,0,0.0364,4,
2021,25,2021/6/21,7469,,229,,229,0,0.0307,4,
2021,26,2021/6/28,7149,,169,,169,0,0.0236,4,
2021,27,2021/7/5,7069,,189,3,186,0,0.0267,4,
2021,28,2021/7/12,7320,,233,1,232,0,0.0318,4,
2021,29,2021/7/19,7253,,192,1,191,0,0.0265,4,
2021,30,2021/7/26,7032,,256,,256,0,0.0364,4,
2021,31,2021/8/2,6735,,199,,199,0,0.0295,4,
2021,32,2021/8/9,7041,,199,4,195,0,0.0283,4,
2021,33,2021/8/16,7054,,205,,205,0,0.0291,4,
2021,34,2021/8/23,6918,,249,,249,0,0.036,4,
2021,35,2021/8/30,7281,,300,,300,0,0.0412,4,
2021,36,2021/9/6,7640,,414,,414,0,0.0542,4,
2021,37,2021/9/13,7968,,449,,449,0,0.0564,4,
2021,38,2021/9/20,7161,,387,,387,0,0.054,4,
2021,39,2021/9/27,7957,,408,,408,0,0.0513,4,
2021,40,2021/10/4,8754,,380,,380,0,0.0434,4,
2021,41,2021/10/11,9811,2,403,2,401,0.0002,0.0411,4,
2021,42,2021/10/18,9941,,463,,463,0,0.0466,4,
2021,43,2021/10/25,10054,1,626,1,625,0.0001,0.0623,4,
2021,44,2021/11/1,10218,,686,,686,0,0.0671,4,
2021,45,2021/11/8,10290,,817,,817,0,0.0794,4,
2021,46,2021/11/15,11814,1,1112,1,1111,0.0001,0.0941,4,
2021,47,2021/11/22,11847,,1155,,1155,0,0.0975,4,
2021,48,2021/11/29,11769,,1517,,1517,0,0.1289,4,
2021,49,2021/12/6,13932,4,2054,4,2050,0.0003,0.1474,4,
2021,50,2021/12/13,12225,1,2336,1,2335,0.0001,0.1911,4,
2021,51,2021/12/20,11976,,2398,,2398,0,0.2002,4,
2021,52,2021/12/27,11425,,2820,,2820,0,0.2468,4,
2022,1,2022/1/3,12186,2,3159,2,3157,0.0002,0.2592,4,
2022,2,2022/1/10,11648,1,3209,1,3208,0.0001,0.2755,4,
2022,3,2022/1/17,10886,7,2945,7,2938,0.0006,0.2705,4,
2022,4,2022/1/24,11773,7,2606,7,2599,0.0006,0.2214,4,
2022,5,2022/1/31,5585,1,1090,1,1089,0.0002,0.1952,4,
2022,6,2022/2/7,10088,,2001,,2001,0,0.1984,4,
2022,7,2022/2/14,10771,3,2079,3,2076,0.0003,0.193,4,
2022,8,2022/2/21,10838,29,2111,29,2082,0.0027,0.1948,4,
2022,9,2022/2/28,11727,3,2288,3,2285,0.0003,0.1951,4,
2022,10,2022/3/7,10419,20,2062,20,2042,0.0019,0.1979,4,
2022,11,2022/3/14,9718,33,1454,33,1421,0.0034,0.1496,4,
2022,12,2022/3/21,9094,24,1028,24,1004,0.0026,0.113,4,
2022,13,2022/3/28,9875,64,787,64,723,0.0065,0.0797,4,
2022,14,2022/4/4,6504,62,370,62,308,0.0095,0.0569,4,
2022,15,2022/4/11,7222,68,302,69,233,0.0094,0.0418,4,
2022,16,2022/4/18,7341,98,250,98,152,0.0133,0.0341,4,
2022,17,2022/4/25,6857,144,236,144,92,0.021,0.0344,4,
2022,18,2022/5/2,6434,78,131,78,53,0.0121,0.0204,4,
2022,19,2022/5/9,7351,222,285,222,63,0.0302,0.0388,4,
2022,20,2022/5/16,8611,474,506,474,32,0.055,0.0588,4,
2022,21,2022/5/23,7814,554,572,554,18,0.0709,0.0732,4,
2022,22,2022/5/30,7041,651,668,651,17,0.0925,0.0949,4,
2022,23,2022/6/6,8151,1055,1067,1055,12,0.1294,0.1309,4,
2022,24,2022/6/13,9362,1394,1408,1394,14,0.1489,0.1504,4,
2022,25,2022/6/20,9058,1756,1760,1756,4,0.1939,0.1943,4,
2022,26,2022/6/27,8177,1764,1765,1764,1,0.2157,0.2158,4,
2022,27,2022/7/4,8316,1901,1911,1901,10,0.2286,0.2298,4,
2022,28,2022/7/11,7645,1837,1845,1837,8,0.2403,0.2413,4,
2022,29,2022/7/18,7705,1584,1595,1584,11,0.2056,0.207,4,
2022,30,2022/7/25,7559,1452,1466,1452,14,0.1921,0.1939,4,
2022,31,2022/8/1,7671,1393,1403,1393,10,0.1816,0.1829,4,
2022,32,2022/8/8,7620,1331,1341,1331,10,0.1747,0.176,4,
2022,33,2022/8/15,7609,1130,1139,1130,9,0.1485,0.1497,4,
2022,34,2022/8/22,7820,973,978,973,5,0.1244,0.1251,4,
2022,35,2022/8/29,9780,727,736,727,9,0.0743,0.0753,4,
2022,36,2022/9/5,10381,658,672,658,14,0.0634,0.0647,4,
2022,37,2022/9/12,10000,677,682,677,5,0.0677,0.0682,4,
2022,38,2022/9/19,10527,561,562,561,1,0.0533,0.0534,4,
2022,39,2022/9/26,10566,682,685,682,3,0.0645,0.0648,4,
2022,40,2022/10/3,11625,601,602,601,1,0.0517,0.0518,4,
2022,41,2022/10/10,12739,585,593,587,6,0.0459,0.0465,4,
2022,42,2022/10/17,12453,598,599,598,1,0.048,0.0481,4,
2022,43,2022/10/24,12667,575,577,577,,0.0454,0.0456,4,
2022,44,2022/10/31,11934,457,477,457,20,0.0383,0.04,4,
2022,45,2022/11/7,11315,458,458,458,,0.0405,0.0405,4,
2022,46,2022/11/14,10412,390,391,391,,0.0375,0.0376,4,
2022,47,2022/11/21,9254,378,379,378,1,0.0408,0.041,4,
2022,48,2022/11/28,8516,380,384,380,4,0.0446,0.0451,4,
2022,49,2022/12/5,9289,400,402,400,2,0.0431,0.0433,4,
2022,50,2022/12/12,9503,247,247,247,,0.026,0.026,4,
2022,51,2022/12/19,10386,57,57,57,,0.0055,0.0055,4,
2022,52,2022/12/26,12295,19,19,19,,0.0015,0.0015,4,
2023,1,2023/1/2,12493,17,17,17,,0.0014,0.0014,4,
2023,2,2023/1/9,12851,24,25,24,1,0.0019,0.0019,4,
2023,3,2023/1/16,11168,11,11,11,,0.001,0.001,4,
2023,4,2023/1/23,11810,36,45,44,1,0.003,0.0038,4,
2023,5,2023/1/30,12937,33,50,46,4,0.0026,0.0039,4,
2023,6,2023/2/6,14080,226,472,465,7,0.0161,0.0335,4,
2023,7,2023/2/13,16298,461,2546,2539,7,0.0283,0.1562,4,
2023,8,2023/2/20,22336,1773,7967,7949,18,0.0794,0.3567,4,
2023,9,2023/2/27,28442,3664,13941,13926,15,0.1288,0.4902,4,
2023,10,2023/3/6,27595,4406,14995,14981,14,0.1597,0.5434,4,
2023,11,2023/3/13,26459,4232,14434,14433,1,0.1599,0.5455,4,
2023,12,2023/3/20,24284,4176,13805,13805,,0.172,0.5685,4,
2023,13,2023/3/27,24648,3681,12718,12713,5,0.1493,0.516,4,
2023,14,2023/4/3,21678,2954,9691,9682,9,0.1363,0.447,4,
2023,15,2023/4/10,21062,2285,7010,7004,6,0.1085,0.3328,4,
2023,16,2023/4/17,22652,2023,5944,5919,25,0.0893,0.2624,4,
2023,17,2023/4/24,22221,1315,3854,3839,15,0.0592,0.1734,4,
2023,18,2023/5/1,24990,893,2240,2227,13,0.0357,0.0896,4,
2023,19,2023/5/8,25239,465,1160,1150,10,0.0184,0.046,4,
2023,20,2023/5/15,24453,226,496,482,14,0.0092,0.0203,4,
2023,21,2023/5/22,24204,127,251,244,7,0.0052,0.0104,4,
2023,22,2023/5/29,24499,91,164,163,1,0.0037,0.0067,4,
2023,23,2023/6/5,23597,57,100,95,5,0.0024,0.0042,4,
2023,24,2023/6/12,23345,29,60,45,15,0.0012,0.0026,4,
2023,25,2023/6/19,23216,34,49,41,8,0.0015,0.0021,4,
2023,26,2023/6/26,23445,43,65,58,7,0.0018,0.0028,4,
2023,27,2023/7/3,24130,73,99,91,8,0.003,0.0041,4,
2023,28,2023/7/10,23823,97,130,106,24,0.0041,0.0055,4,
2023,29,2023/7/17,23517,140,177,156,21,0.006,0.0075,4,
2023,30,2023/7/24,13962,223,261,245,16,0.016,0.0187,4,
2023,31,2023/7/31,24704,279,329,296,33,0.0113,0.0133,4,
2023,32,2023/8/7,25041,354,409,373,36,0.0141,0.0163,4,
2023,33,2023/8/14,26390,390,451,415,36,0.0148,0.0171,4,
2023,34,2023/8/21,28253,469,547,490,57,0.0166,0.0194,4,
2023,35,2023/8/28,27508,462,540,478,62,0.0168,0.0196,4,
2023,36,2023/9/4,29406,566,687,581,106,0.0192,0.0234,4,
2023,37,2023/9/11,29888,691,853,710,143,0.0231,0.0285,4,
2023,38,2023/9/18,30298,887,1113,910,203,0.0293,0.0367,4,
2023,39,2023/9/25,27627,784,1019,809,210,0.0284,0.0369,4,
2023,40,2023/10/2,27058,950,1216,975,241,0.0351,0.0449,4,
2023,41,2023/10/9,32056,1727,2050,1743,307,0.0539,0.064,4,
2023,42,2023/10/16,33024,2132,2616,2169,447,0.0646,0.0792,4,
2023,43,2023/10/23,36178,3312,3996,3356,640,0.0915,0.1105,4,
2023,44,2023/10/30,35635,4228,5079,4285,794,0.1186,0.1425,4,
2023,45,2023/11/6,36917,5433,6435,5485,950,0.1472,0.1743,4,
2023,46,2023/11/13,38893,9073,10297,9136,1161,0.2333,0.2648,4,
2023,47,2023/11/20,42045,13166,14919,13233,1686,0.3131,0.3548,4,
2023,48,2023/11/27,42146,14645,16816,14750,2066,0.3475,0.399,4,
2023,49,2023/12/4,42177,14991,17746,15183,2563,0.3554,0.4208,4,
2023,50,2023/12/11,38172,12569,15642,12762,2880,0.3293,0.4098,4,
2023,51,2023/12/18,36738,10237,13730,10370,3360,0.2786,0.3737,4,
2023,52,2023/12/25,35311,9212,13799,9312,4487,0.2609,0.3908,4,
2024,1,2024/1/1,34235,7473,13075,7592,5483,0.2183,0.3819,4,
2024,2,2024/1/8,34462,5436,11777,5564,6213,0.1577,0.3417,4,
2024,3,2024/1/15,34025,3775,10486,3864,6622,0.1109,0.3082,4,
2024,4,2024/1/22,32835,2359,8313,2489,5824,0.0718,0.2532,4,
2024,5,2024/1/29,33117,1855,8125,1983,6142,0.056,0.2453,4,
2024,6,2024/2/5,28161,1304,6410,1398,5012,0.0463,0.2276,4,
2024,7,2024/2/12,28272,1175,6214,1393,4821,0.0416,0.2198,4,
2024,8,2024/2/19,32419,1155,6296,1444,4852,0.0356,0.1942,4,
2024,9,2024/2/26,32581,1110,5465,1563,3902,0.0341,0.1677,4,
2024,10,2024/3/4,33260,1014,5556,1682,3874,0.0305,0.167,4,
2024,11,2024/3/11,33192,822,4874,1599,3275,0.0248,0.1468,4,
2024,12,2024/3/18,32999,698,4309,1584,2725,0.0212,0.1306,4,
2024,13,2024/3/25,32279,481,3608,1582,2026,0.0149,0.1118,4,
2024,14,2024/4/1,27407,324,2496,1295,1201,0.0118,0.0911,4,
2024,15,2024/4/8,26662,254,2085,1242,843,0.0095,0.0782,4,
2024,16,2024/4/15,26810,247,1920,1381,539,0.0092,0.0716,4,
2024,17,2024/4/22,27661,181,1923,1550,373,0.0065,0.0695,4,
2024,18,2024/4/29,22530,151,1517,1316,201,0.0067,0.0673,4,
2024,19,2024/5/6,26092,184,1983,1817,166,0.0071,0.076,4,
2024,20,2024/5/13,26673,183,1915,1787,128,0.0069,0.0718,4,
2024,21,2024/5/20,26370,135,1606,1500,106,0.0051,0.0609,4,
2024,22,2024/5/27,25768,103,1507,1427,80,0.004,0.0585,4,
2024,23,2024/6/3,22352,90,1333,1270,63,0.004,0.0596,4,
2024,24,2024/6/10,21425,84,1296,1251,45,0.0039,0.0605,4,
2024,25,2024/6/17,21163,81,1430,1366,64,0.0038,0.0676,4,
2024,26,2024/6/24,20942,102,1576,1525,51,0.0049,0.0753,4,
2024,27,2024/7/1,21020,88,1713,1672,41,0.0042,0.0815,4,
2024,28,2024/7/8,20764,99,1546,1498,48,0.0048,0.0745,4,
2024,29,2024/7/15,18474,53,1191,1158,33,0.0029,0.0645,4,
2024,30,2024/7/22,21031,51,1280,1245,35,0.0024,0.0609,4,
2024,31,2024/7/29,21031,51,1280,1245,35,0.0024,0.0609,4,
2024,32,2024/8/5,20674,33,1031,1005,26,0.0016,0.0499,4,
2024,33,2024/8/12,20327,38,970,940,30,0.0019,0.0477,3,
2024,34,2024/8/19,20364,34,808,787,21,0.0017,0.0397,3,
2024,35,2024/8/26,17626,24,586,574,12,0.0014,0.0332,3,
2024,36,2024/9/2,20100,31,741,719,22,0.0015,0.0369,3,
2024,37,2024/9/9,14130,24,568,544,24,0.0017,0.0402,3,
2024,38,2024/9/16,20547,26,751,735,16,0.0013,0.0366,4,
2024,39,2024/9/23,15701,21,556,546,10,0.0013,0.0354,3,
2024,40,2024/9/30,23234,19,616,603,13,0.0008,0.0265,3,
2024,41,2024/10/7,25457,18,668,657,11,0.0007,0.0262,3,
2024,42,2024/10/14,25268,21,643,634,9,0.0008,0.0254,3,
2024,43,2024/10/21,25061,26,722,706,16,0.001,0.0288,3,
2024,44,2024/10/28,25894,17,872,842,30,0.0007,0.0337,3,
2024,45,2024/11/4,26538,19,932,931,1,0.0007,0.0351,3,
2024,46,2024/11/11,26737,23,1103,1092,11,0.0009,0.0413,3,
2024,47,2024/11/18,27135,35,1498,1483,15,0.0013,0.0552,3,
2024,48,2024/11/25,27077,14,2123,2106,17,0.0005,0.0784,3,
2024,49,2024/12/2,28074,20,2589,2565,24,0.0007,0.0922,3,
2024,50,2024/12/9,28323,26,3973,3963,10,0.0009,0.1403,3,
2024,51,2024/12/16,35174,38,7394,7379,15,0.0011,0.2102,4,
2024,52,2024/12/23,29606,27,8391,8376,15,0.0009,0.2834,4,
2025,1,2024/12/30,28722,58,9758,9744,14,0.002,0.3397,3,
2025,2,2025/1/6,29122,55,10163,10151,12,0.0019,0.349,3,
2025,3,2025/1/13,29185,60,9418,9393,25,0.0021,0.3227,3,
2025,4,2025/1/20,28041,45,8295,8273,22,0.0016,0.2958,3,
2025,5,2025/1/27,21486,30,5591,5577,14,0.0014,0.2602,3,
2025,6,2025/2/3,27454,48,6822,6795,27,0.0017,0.2485,3,
2025,7,2025/2/10,27714,30,6059,6035,24,0.0011,0.2186,3,
2025,8,2025/2/17,31504,37,5762,5723,39,0.0012,0.1829,3,
2025,9,2025/2/24,27017,42,3970,3915,55,0.0016,0.1469,3,
2025,10,2025/3/3,26194,51,2572,2493,79,0.0019,0.0982,2,
2025,11,2025/3/10,26423,38,1836,1750,86,0.0014,0.0695,2,
2025,12,2025/3/17,26221,58,1228,1157,71,0.0022,0.0468,2,
2025,13,2025/3/24,25810,67,870,787,83,0.0026,0.0337,2,
2025,14,2025/3/31,19696,55,526,468,58,0.0028,0.0267,2,
2025,15,2025/4/7,18669,73,350,304,46,0.0039,0.0187,2,
2025,16,2025/4/14,16240,86,259,207,52,0.0053,0.0159,2,
2025,17,2025/4/21,18563,97,279,223,56,0.0052,0.015,2,
2025,18,2025/4/28,16594,100,216,184,32,0.006,0.013,2,
2025,19,2025/5/5,18965,121,228,195,33,0.0064,0.012,2,
2025,20,2025/5/12,18641,124,208,174,34,0.0067,0.0112,2,
2025,21,2025/5/19,19431,113,162,143,19,0.0058,0.0083,2,
2025,22,2025/5/26,18178,103,149,138,11,0.0057,0.0082,2,
2025,23,2025/6/2,18473,142,180,163,17,0.0077,0.0097,1,
2025,24,2025/6/9,18354,114,154,139,15,0.0062,0.0084,1,
2025,25,2025/6/16,17826,123,152,138,14,0.0069,0.0085,1,
2025,26,2025/6/23,17861,141,187,164,23,0.0079,0.0105,1,
2025,27,2025/6/30,15301,133,178,154,24,0.0087,0.0116,1,
2025,28,2025/7/7,17656,140,183,160,23,0.0079,0.0104,1,
2025,29,2025/7/14,17582,144,212,179,33,0.0082,0.0121,1,
2025,30,2025/7/21,17689,147,215,183,32,0.0083,0.0122,1,
2025,31,2025/7/28,17091,158,209,178,31,0.0092,0.0122,1,
2025,32,2025/8/4,17185,165,225,187,38,0.0096,0.0131,1,
2025,33,2025/8/11,17631,189,261,210,51,0.0107,0.0148,1,
2025,34,2025/8/18,15380,211,283,236,47,0.0137,0.0184,1,
2025,35,2025/8/25,17402,294,400,339,61,0.0169,0.023,1,
2025,36,2025/9/1,17508,279,373,313,60,0.0159,0.0213,1,
2025,37,2025/9/8,17966,371,445,393,52,0.0207,0.0248,1,
2025,38,2025/9/15,18135,398,484,420,64,0.0219,0.0267,1,
2025,39,2025/9/22,19113,518,608,542,66,0.0271,0.0318,1,
2025,40,2025/9/29,20964,551,659,603,56,0.0263,0.0314,1,
2025,41,2025/10/6,24460,755,852,792,60,0.0309,0.0348,1,
2025,42,2025/10/13,25150,1131,1239,1190,49,0.045,0.0493,1,
2025,43,2025/10/20,25785,2192,2350,2272,78,0.085,0.0911,2,
2025,44,2025/10/27,26776,4178,4346,4247,99,0.156,0.1623,3,
2025,45,2025/11/3,28242,6773,6986,6897,89,0.2398,0.2474,4,6.1
2025,46,2025/11/10,28026,9024,9176,9096,80,0.322,0.3274,4,7
2025,47,2025/11/17,28504,11478,11586,11515,71,0.4027,0.4065,4,8.6
2025,48,2025/11/24,28656,13631,13752,13706,46,0.4757,0.4799,4,9.1
2025,49,2025/12/1,28963,14530,14624,14568,56,0.5017,0.5049,4,7.9
2025,50,2025/12/8,25364,11792,11848,11804,44,0.4649,0.4671,4,6.3
2025,51,2025/12/15,27098,10920,11014,10936,78,0.403,0.4065,3,4.9
2025,52,2025/12/22,26369,8542,8661,8552,109,0.3239,0.3285,3,4.2
2026,1,2025/12/29,25314,6770,6929,6778,151,0.2674,0.2737,2,4.1
2026,2,2026/1/5,25983,5758,6000,5777,223,0.2216,0.2309,2,3.7
2026,3,2026/1/12,26360,5259,5635,5271,364,0.1995,0.2138,2,3.5
2026,4,2026/1/19,25526,4103,4570,4119,451,0.1607,0.179,2,3.4
2026,5,2026/1/26,25748,3218,3926,3235,691,0.125,0.1525,2,3.3
2026,6,2026/2/2,23116,2154,2846,2163,683,0.0932,0.1231,2,3
2026,7,2026/2/9,23658,1499,2278,1515,763,0.0634,0.0963,2,2.9
2026,8,2026/2/16,21821,1233,2041,1240,801,0.0565,0.0935,2,4.9
2026,9,2026/2/23,25358,1150,2396,1160,1236,0.0454,0.0945,2,3
2026,10,2026/3/2,25305,850,2134,863,1271,0.0336,0.0843,2,2.8
2026,11,2026/3/9,26081,716,2399,748,1651,0.0275,0.092,2,3
2026,12,2026/3/16,23550,521,2640,532,2108,0.0221,0.1121,2,
