日期,年份,月份,ISO周,上海H3N2代理阳性率(%),新感染数,新有症状感染数,新无症状感染数,新报告病例数,累计感染数,累计报告病例数,有效易感数_S,潜伏者_E,传染者_I,移除者_R,日感染率_每10万人,日报告发病率_每10万人,beta_eff,Rt_eff,证据等级,锚点区间,阶段
2017-05-15,2017,5,20,1.82,535,449,86,112,535,112,6045290,535,0,0,2.21,0.46,,,C,W20,低位起步
2017-05-16,2017,5,20,1.90,559,470,89,118,1094,230,6044731,737,357,0,2.31,0.49,,,C,W20-W24,低位起步
2017-05-17,2017,5,20,1.99,585,491,94,123,1679,353,6044146,831,729,119,2.42,0.51,1.6405,4.921,C,W20-W24,低位起步
2017-05-18,2017,5,20,2.07,609,512,97,128,2288,481,6043537,886,1040,362,2.52,0.53,0.8352,2.505,C,W20-W24,低位起步
2017-05-19,2017,5,20,2.17,638,536,102,134,2926,615,6042899,933,1284,709,2.64,0.55,0.6137,1.84,C,W20-W24,低位起步
2017-05-20,2017,5,20,2.25,662,556,106,139,3588,754,6042237,973,1478,1137,2.74,0.57,0.5158,1.547,C,W20-W24,低位起步
2017-05-21,2017,5,20,2.34,688,578,110,144,4276,898,6041549,1012,1634,1629,2.84,0.60,0.4657,1.396,C,W20-W24,低位起步
2017-05-22,2017,5,21,2.43,715,601,114,150,4991,1048,6040834,1052,1764,2174,2.96,0.62,0.4378,1.313,C,W20-W24,低位起步
2017-05-23,2017,5,21,2.52,741,622,119,156,5732,1204,6040093,1092,1878,2762,3.06,0.65,0.4203,1.26,C,W20-W24,低位起步
2017-05-24,2017,5,21,2.61,768,645,123,161,6500,1365,6039325,1132,1980,3388,3.18,0.67,0.4094,1.227,C,W20-W24,低位起步
2017-05-25,2017,5,21,2.70,794,667,127,167,7294,1532,6038531,1171,2074,4048,3.28,0.69,0.4015,1.203,C,W20-W24,低位起步
2017-05-26,2017,5,21,2.80,824,692,132,173,8118,1705,6037707,1214,2164,4740,3.41,0.72,0.3977,1.192,C,W20-W24,低位起步
2017-05-27,2017,5,21,2.89,850,714,136,178,8968,1883,6036857,1255,2252,5461,3.51,0.74,0.3933,1.178,C,W20-W24,低位起步
2017-05-28,2017,5,21,2.99,880,739,141,185,9848,2068,6035977,1298,2338,6212,3.64,0.76,0.3913,1.172,C,W20-W24,低位起步
2017-05-29,2017,5,22,3.08,906,761,145,190,10754,2258,6035071,1339,2424,6991,3.75,0.79,0.3881,1.163,C,W20-W24,低位起步
2017-05-30,2017,5,22,3.17,933,784,149,196,11687,2454,6034138,1379,2509,7799,3.86,0.81,0.3856,1.155,C,W20-W24,低位起步
2017-05-31,2017,5,22,3.27,962,808,154,202,12649,2656,6033176,1422,2592,8635,3.98,0.84,0.3842,1.15,C,W20-W24,低位起步
2017-06-01,2017,6,22,3.37,991,832,159,208,13640,2864,6032185,1465,2676,9499,4.10,0.86,0.3831,1.147,C,W20-W24,低位起步
2017-06-02,2017,6,22,3.47,1021,858,163,214,14661,3078,6031164,1509,2760,10391,4.22,0.88,0.3824,1.145,C,W20-W24,低位起步
2017-06-03,2017,6,22,3.57,1050,882,168,220,15711,3298,6030114,1553,2847,11311,4.34,0.91,0.3813,1.141,C,W20-W24,低位起步
2017-06-04,2017,6,22,3.67,1080,907,173,227,16791,3525,6029034,1598,2933,12260,4.47,0.94,0.3804,1.138,C,W20-W24,低位起步
2017-06-05,2017,6,23,3.77,1109,932,177,233,17900,3758,6027925,1642,3021,13238,4.59,0.96,0.3792,1.134,C,W20-W24,低位起步
2017-06-06,2017,6,23,3.87,1139,957,182,239,19039,3997,6026786,1686,3108,14245,4.71,0.99,0.3782,1.131,C,W20-W24,低位起步
2017-06-07,2017,6,23,3.98,1171,984,187,246,20210,4243,6025615,1733,3196,15281,4.84,1.02,0.378,1.13,C,W20-W24,低位起步
2017-06-08,2017,6,23,4.08,1200,1008,192,252,21410,4495,6024415,1778,3286,16346,4.96,1.04,0.3767,1.126,C,W20-W24,低位起步
2017-06-09,2017,6,23,4.18,1230,1033,197,258,22640,4753,6023185,1823,3376,17442,5.09,1.07,0.3756,1.123,C,W20-W24,低位起步
2017-06-10,2017,6,23,4.29,1262,1060,202,265,23902,5018,6021923,1870,3466,18567,5.22,1.10,0.3752,1.121,C,W20-W24,低位起步
2017-06-11,2017,6,23,4.40,1294,1087,207,272,25196,5290,6020629,1917,3557,19722,5.35,1.12,0.3749,1.12,C,W20-W24,低位起步
2017-06-12,2017,6,24,4.50,1324,1112,212,278,26520,5568,6019305,1963,3649,20908,5.47,1.15,0.3738,1.117,C,W20-W24,低位起步
2017-06-13,2017,6,24,4.77,1403,1179,224,295,27923,5863,6017902,2057,3742,22124,5.80,1.22,0.3862,1.153,C,W24-W26,低位起步
2017-06-14,2017,6,24,5.05,1486,1248,238,312,29409,6175,6016416,2172,3866,23371,6.14,1.29,0.399,1.191,C,W24-W26,爬升期
2017-06-15,2017,6,24,5.32,1565,1315,250,329,30974,6504,6014851,2289,4025,24660,6.47,1.36,0.4068,1.214,C,W24-W26,爬升期
2017-06-16,2017,6,24,5.61,1650,1386,264,346,32624,6850,6013201,2413,4209,26002,6.82,1.43,0.412,1.23,C,W24-W26,爬升期
2017-06-17,2017,6,24,5.90,1736,1458,278,364,34360,7214,6011465,2540,4415,27405,7.18,1.51,0.4146,1.237,C,W24-W26,爬升期
2017-06-18,2017,6,24,6.19,1821,1530,291,382,36181,7596,6009644,2668,4637,28876,7.53,1.58,0.4148,1.237,C,W24-W26,爬升期
2017-06-19,2017,6,25,6.48,1906,1601,305,400,38087,7996,6007738,2795,4870,30422,7.88,1.65,0.4135,1.233,C,W24-W26,爬升期
2017-06-20,2017,6,25,6.77,1992,1673,319,418,40079,8414,6005746,2924,5110,32045,8.24,1.73,0.4117,1.227,C,W24-W26,爬升期
2017-06-21,2017,6,25,7.07,2080,1747,333,437,42159,8851,6003666,3055,5356,33749,8.60,1.81,0.4098,1.221,C,W24-W26,爬升期
2017-06-22,2017,6,25,7.37,2168,1821,347,455,44327,9306,6001498,3186,5607,35534,8.96,1.88,0.4076,1.214,C,W24-W26,爬升期
2017-06-23,2017,6,25,7.68,2259,1898,361,474,46586,9780,5999239,3321,5862,37403,9.34,1.96,0.4059,1.209,C,W24-W26,爬升期
2017-06-24,2017,6,25,7.99,2351,1975,376,494,48937,10274,5996888,3458,6122,39357,9.72,2.04,0.4042,1.203,C,W24-W26,爬升期
2017-06-25,2017,6,25,8.30,2442,2051,391,513,51379,10787,5994446,3595,6387,41398,10.10,2.12,0.4021,1.197,C,W24-W26,爬升期
2017-06-26,2017,6,26,8.61,2533,2128,405,532,53912,11319,5991913,3731,6654,43526,10.47,2.20,0.4,1.19,C,W24-W26,爬升期
2017-06-27,2017,6,26,8.99,2645,2222,423,556,56557,11875,5989268,3889,6924,45745,10.94,2.30,0.4011,1.192,C,W26-W30,爬升期
2017-06-28,2017,6,26,9.36,2754,2313,441,578,59311,12453,5986514,4050,7208,48052,11.39,2.39,0.4015,1.193,C,W26-W30,爬升期
2017-06-29,2017,6,26,9.74,2866,2407,459,602,62177,13055,5983648,4216,7506,50455,11.85,2.49,0.4015,1.193,C,W26-W30,爬升期
2017-06-30,2017,6,26,10.11,2974,2498,476,624,65151,13679,5980674,4379,7815,52957,12.30,2.58,0.4004,1.189,C,W26-W30,爬升期
2017-07-01,2017,7,26,10.50,3089,2595,494,649,68240,14328,5977585,4549,8129,55562,12.77,2.68,0.3996,1.186,C,W26-W30,爬升期
2017-07-02,2017,7,26,10.88,3201,2689,512,672,71441,15000,5974384,4717,8452,58272,13.24,2.78,0.3983,1.181,C,W26-W30,爬升期
2017-07-03,2017,7,27,11.27,3316,2785,531,696,74757,15696,5971068,4888,8780,61089,13.71,2.88,0.397,1.177,C,W26-W30,高位平台
2017-07-04,2017,7,27,11.65,3427,2879,548,720,78184,16416,5967641,5056,9112,64016,14.17,2.98,0.3952,1.171,C,W26-W30,高位平台
2017-07-05,2017,7,27,12.04,3542,2975,567,744,81726,17160,5964099,5227,9446,67053,14.65,3.08,0.3938,1.166,C,W26-W30,高位平台
2017-07-06,2017,7,27,12.43,3657,3072,585,768,85383,17928,5960442,5399,9782,70201,15.12,3.18,0.3925,1.161,C,W26-W30,高位平台
2017-07-07,2017,7,27,12.82,3772,3168,604,792,89155,18720,5956670,5572,10121,73462,15.60,3.27,0.3911,1.157,C,W26-W30,高位平台
2017-07-08,2017,7,27,13.21,3886,3264,622,816,93041,19536,5952784,5743,10462,76836,16.07,3.37,0.3897,1.152,C,W26-W30,高位平台
2017-07-09,2017,7,27,13.61,4004,3363,641,841,97045,20377,5948780,5918,10803,80323,16.56,3.48,0.3887,1.148,C,W26-W30,高位平台
2017-07-10,2017,7,28,14.01,4122,3462,660,866,101167,21243,5944658,6095,11148,83924,17.04,3.58,0.3878,1.145,C,W26-W30,高位平台
2017-07-11,2017,7,28,14.41,4239,3561,678,890,105406,22133,5940419,6271,11495,87640,17.53,3.68,0.3867,1.141,C,W26-W30,高位平台
2017-07-12,2017,7,28,14.81,4357,3660,697,915,109763,23048,5936062,6447,11844,91472,18.02,3.78,0.3858,1.137,C,W26-W30,高位平台
2017-07-13,2017,7,28,15.21,4475,3759,716,940,114238,23988,5931587,6624,12194,95420,18.50,3.89,0.3848,1.134,C,W26-W30,高位平台
2017-07-14,2017,7,28,15.61,4592,3857,735,964,118830,24952,5926995,6800,12545,99485,18.99,3.99,0.3838,1.13,C,W26-W30,高位平台
2017-07-15,2017,7,28,16.02,4713,3959,754,990,123543,25942,5922282,6980,12897,103666,19.49,4.09,0.3832,1.127,C,W26-W30,高位平台
2017-07-16,2017,7,28,16.43,4834,4061,773,1015,128377,26957,5917448,7161,13251,107965,19.99,4.20,0.3826,1.124,C,W26-W30,高位平台
2017-07-17,2017,7,29,16.84,4954,4161,793,1040,133331,27997,5912494,7341,13608,112382,20.49,4.30,0.382,1.122,C,W26-W30,高位平台
2017-07-18,2017,7,29,17.25,5075,4263,812,1066,138406,29063,5907419,7522,13966,116918,20.99,4.41,0.3814,1.119,C,W26-W30,高位平台
2017-07-19,2017,7,29,17.66,5196,4365,831,1091,143602,30154,5902223,7703,14325,121574,21.49,4.51,0.3808,1.116,C,W26-W30,高位平台
2017-07-20,2017,7,29,18.08,5319,4468,851,1117,148921,31271,5896904,7887,14686,126349,21.99,4.62,0.3803,1.114,C,W26-W30,高位平台
2017-07-21,2017,7,29,18.49,5440,4570,870,1142,154361,32413,5891464,8069,15048,131244,22.49,4.72,0.3798,1.111,C,W26-W30,高位平台
2017-07-22,2017,7,29,18.91,5563,4673,890,1168,159924,33581,5885901,8253,15411,136260,23.00,4.83,0.3794,1.109,C,W26-W30,高位平台
2017-07-23,2017,7,29,19.33,5687,4777,910,1194,165611,34775,5880214,8438,15776,141397,23.52,4.94,0.379,1.107,C,W26-W30,高位平台
2017-07-24,2017,7,30,19.75,5810,4880,930,1220,171421,35995,5874404,8623,16143,146656,24.02,5.04,0.3787,1.105,C,W26-W30,峰值区
2017-07-25,2017,7,30,19.95,5869,4930,939,1232,177290,37227,5868535,8743,16510,152037,24.27,5.09,0.3742,1.091,B,W30-W33,峰值区
2017-07-26,2017,7,30,20.15,5928,4980,948,1245,183218,38472,5862607,8842,16836,157540,24.51,5.15,0.3699,1.077,B,W30-W33,峰值区
2017-07-27,2017,7,30,20.35,5987,5029,958,1257,189205,39729,5856620,8934,17119,163152,24.76,5.20,0.3667,1.067,B,W30-W33,峰值区
2017-07-28,2017,7,30,20.55,6046,5079,967,1270,195251,40999,5850574,9024,17369,168858,25.00,5.25,0.3646,1.06,B,W30-W33,峰值区
2017-07-29,2017,7,30,20.74,6102,5126,976,1282,201353,42281,5844472,9110,17595,174648,25.23,5.30,0.363,1.054,B,W30-W33,峰值区
2017-07-30,2017,7,30,20.95,6164,5178,986,1294,207517,43575,5838308,9201,17804,180513,25.49,5.35,0.3624,1.051,B,W30-W33,峰值区
2017-07-31,2017,7,31,21.15,6222,5226,996,1306,213739,44881,5832086,9289,18003,186447,25.73,5.40,0.3619,1.048,B,W30-W33,峰值区
2017-08-01,2017,8,31,21.35,6281,5276,1005,1319,220020,46200,5825805,9377,18194,192448,25.97,5.45,0.3617,1.047,B,W30-W33,峰值区
2017-08-02,2017,8,31,21.56,6343,5328,1015,1332,226363,47532,5819462,9469,18381,198513,26.23,5.51,0.3618,1.046,B,W30-W33,峰值区
2017-08-03,2017,8,31,21.76,6402,5378,1024,1344,232765,48876,5813060,9558,18567,204640,26.47,5.56,0.3618,1.045,B,W30-W33,峰值区
2017-08-04,2017,8,31,21.97,6464,5430,1034,1358,239229,50234,5806596,9650,18750,210829,26.73,5.62,0.3621,1.044,B,W30-W33,峰值区
2017-08-05,2017,8,31,22.17,6522,5478,1044,1370,245751,51604,5800074,9739,18933,217079,26.97,5.67,0.3622,1.044,B,W30-W33,峰值区
2017-08-06,2017,8,31,22.38,6584,5531,1053,1383,252335,52987,5793490,9830,19115,223390,27.23,5.72,0.3625,1.043,B,W30-W33,峰值区
2017-08-07,2017,8,32,22.59,6646,5583,1063,1396,258981,54383,5786844,9923,19297,229762,27.48,5.77,0.3628,1.043,B,W30-W33,峰值区
2017-08-08,2017,8,32,22.79,6705,5632,1073,1408,265686,55791,5780139,10013,19480,236194,27.73,5.82,0.363,1.042,B,W30-W33,峰值区
2017-08-09,2017,8,32,23.01,6770,5687,1083,1422,272456,57213,5773369,10108,19661,242687,27.99,5.88,0.3635,1.043,B,W30-W33,峰值区
2017-08-10,2017,8,32,23.22,6831,5738,1093,1434,279287,58647,5766538,10200,19846,249241,28.25,5.93,0.3638,1.042,B,W30-W33,峰值区
2017-08-11,2017,8,32,23.43,6893,5790,1103,1448,286180,60095,5759645,10293,20031,255856,28.50,5.99,0.3641,1.042,B,W30-W33,峰值区
2017-08-12,2017,8,32,23.64,6955,5842,1113,1460,293135,61555,5752690,10386,20216,262533,28.76,6.04,0.3645,1.042,B,W30-W33,峰值区
2017-08-13,2017,8,32,23.86,7020,5897,1123,1474,300155,63029,5745670,10482,20401,269272,29.03,6.10,0.3649,1.042,B,W30-W33,峰值区
2017-08-14,2017,8,33,24.07,7081,5948,1133,1487,307236,64516,5738589,10575,20589,276072,29.28,6.15,0.3652,1.041,B,W30-W33,峰值区
2017-08-15,2017,8,33,24.10,7090,5956,1134,1489,314326,66005,5731499,10615,20776,282935,29.32,6.16,0.3628,1.033,B,W33-W34,峰值区
2017-08-16,2017,8,33,24.13,7099,5963,1136,1491,321425,67496,5724400,10637,20927,289860,29.35,6.17,0.3604,1.025,B,W33-W34,峰值区
2017-08-17,2017,8,33,24.17,7111,5973,1138,1493,328536,68989,5717289,10657,21043,296836,29.40,6.17,0.3589,1.019,B,W33-W34,峰值区
2017-08-18,2017,8,33,24.20,7120,5981,1139,1495,335656,70484,5710169,10672,21133,303851,29.44,6.18,0.3578,1.015,B,W33-W34,峰值区
2017-08-19,2017,8,33,24.23,7128,5988,1140,1497,342784,71981,5703041,10685,21204,310895,29.47,6.19,0.3571,1.012,B,W33-W34,峰值区
2017-08-20,2017,8,33,24.26,7137,5995,1142,1499,349921,73480,5695904,10699,21259,317963,29.51,6.20,0.3568,1.01,B,W33-W34,峰值区
2017-08-21,2017,8,34,24.29,7146,6003,1143,1501,357067,74981,5688758,10712,21305,325049,29.55,6.21,0.3568,1.008,B,W33-W34,峰值区
2017-08-22,2017,8,34,24.00,7061,5931,1130,1483,364128,76464,5681697,10632,21345,332151,29.20,6.13,0.3522,0.994,B,W34-W38,峰值区
2017-08-23,2017,8,34,23.71,6975,5859,1116,1465,371103,77929,5674722,10519,21318,339266,28.84,6.06,0.3477,0.98,B,W34-W38,峰值区
2017-08-24,2017,8,34,23.43,6893,5790,1103,1448,377996,79377,5667829,10399,21225,346372,28.50,5.99,0.3445,0.97,B,W34-W38,峰值区
2017-08-25,2017,8,34,23.14,6808,5719,1089,1430,384804,80807,5661021,10274,21083,353447,28.15,5.91,0.3422,0.962,B,W34-W38,峰值区
2017-08-26,2017,8,34,22.86,6725,5649,1076,1412,391529,82219,5654296,10150,20905,360475,27.81,5.84,0.3407,0.957,B,W34-W38,峰值区
2017-08-27,2017,8,34,22.57,6640,5578,1062,1394,398169,83613,5647656,10023,20703,367443,27.46,5.76,0.3396,0.953,B,W34-W38,峰值区
2017-08-28,2017,8,35,22.29,6558,5509,1049,1377,404727,84990,5641098,9899,20484,374344,27.12,5.69,0.3391,0.95,B,W34-W38,峰值区
2017-08-29,2017,8,35,22.00,6472,5436,1036,1359,411199,86349,5634626,9772,20256,381172,26.76,5.62,0.3386,0.948,B,W34-W38,峰值区
2017-08-30,2017,8,35,21.71,6387,5365,1022,1341,417586,87690,5628239,9644,20018,387924,26.41,5.55,0.3383,0.946,B,W34-W38,峰值区
2017-08-31,2017,8,35,21.43,6305,5296,1009,1324,423891,89014,5621934,9520,19775,394596,26.07,5.47,0.3383,0.945,B,W34-W38,峰值区
2017-09-01,2017,9,35,21.15,6222,5226,996,1306,430113,90320,5615712,9395,19530,401188,25.73,5.40,0.3384,0.944,B,W34-W38,峰值区
2017-09-02,2017,9,35,20.87,6140,5158,982,1290,436253,91610,5609572,9272,19283,407698,25.39,5.33,0.3385,0.943,B,W34-W38,峰值区
2017-09-03,2017,9,35,20.58,6055,5086,969,1272,442308,92882,5603517,9146,19037,414126,25.04,5.26,0.3384,0.942,B,W34-W38,峰值区
2017-09-04,2017,9,36,20.30,5972,5016,956,1254,448280,94136,5597545,9021,18788,420471,24.69,5.19,0.3385,0.941,B,W34-W38,峰值区
2017-09-05,2017,9,36,20.02,5890,4948,942,1237,454170,95373,5591655,8897,18539,426734,24.36,5.12,0.3386,0.94,B,W34-W38,峰值区
2017-09-06,2017,9,36,19.73,5805,4876,929,1219,459975,96592,5585850,8771,18291,432914,24.00,5.04,0.3386,0.939,B,W34-W38,峰值区
2017-09-07,2017,9,36,19.45,5722,4806,916,1202,465697,97794,5580128,8646,18041,439011,23.66,4.97,0.3386,0.939,B,W34-W38,峰值区
2017-09-08,2017,9,36,19.17,5640,4738,902,1184,471337,98978,5574488,8522,17791,445024,23.32,4.90,0.3387,0.938,B,W34-W38,高位平台
2017-09-09,2017,9,36,18.90,5560,4670,890,1168,476897,100146,5568928,8401,17542,450955,22.99,4.83,0.3389,0.938,B,W34-W38,高位平台
2017-09-10,2017,9,36,18.61,5475,4599,876,1150,482372,101296,5563453,8275,17295,456802,22.64,4.76,0.3388,0.936,B,W34-W38,高位平台
2017-09-11,2017,9,37,18.33,5393,4530,863,1132,487765,102428,5558060,8151,17047,462567,22.30,4.68,0.3389,0.935,B,W34-W38,高位平台
2017-09-12,2017,9,37,18.05,5310,4460,850,1115,493075,103543,5552750,8027,16799,468249,21.96,4.61,0.3388,0.934,B,W34-W38,高位平台
2017-09-13,2017,9,37,17.77,5228,4392,836,1098,498303,104641,5547522,7904,16551,473849,21.62,4.54,0.3388,0.934,B,W34-W38,高位平台
2017-09-14,2017,9,37,17.49,5146,4323,823,1081,503449,105722,5542376,7781,16303,479366,21.28,4.47,0.3389,0.933,B,W34-W38,高位平台
2017-09-15,2017,9,37,17.21,5063,4253,810,1063,508512,106785,5537313,7657,16056,484800,20.94,4.40,0.3388,0.932,B,W34-W38,高位平台
2017-09-16,2017,9,37,16.94,4984,4187,797,1047,513496,107832,5532329,7536,15808,490152,20.61,4.33,0.3389,0.931,B,W34-W38,高位平台
2017-09-17,2017,9,37,16.65,4898,4114,784,1028,518394,108860,5527431,7410,15563,495421,20.25,4.25,0.3386,0.93,B,W34-W38,高位平台
2017-09-18,2017,9,38,16.38,4819,4048,771,1012,523213,109872,5522612,7289,15315,500609,19.93,4.18,0.3387,0.929,B,W34-W38,高位平台
2017-09-19,2017,9,38,16.09,4734,3977,757,994,527947,110866,5517878,7164,15070,505714,19.58,4.11,0.3384,0.927,B,W38-W41,高位平台
2017-09-20,2017,9,38,15.81,4651,3907,744,977,532598,111843,5513227,7039,14822,510737,19.23,4.04,0.3382,0.926,B,W38-W41,高位平台
2017-09-21,2017,9,38,15.53,4569,3838,731,960,537167,112803,5508658,6915,14574,515678,18.89,3.97,0.338,0.925,B,W38-W41,高位平台
2017-09-22,2017,9,38,15.23,4481,3764,717,941,541648,113744,5504177,6786,14326,520536,18.53,3.89,0.3374,0.922,B,W38-W41,高位平台
2017-09-23,2017,9,38,14.94,4395,3692,703,923,546043,114667,5499782,6657,14075,525311,18.17,3.82,0.337,0.92,B,W38-W41,高位平台
2017-09-24,2017,9,38,14.65,4310,3620,690,905,550353,115572,5495472,6529,13821,530003,17.82,3.74,0.3366,0.919,B,W38-W41,高位平台
2017-09-25,2017,9,39,14.37,4228,3552,676,888,554581,116460,5491244,6404,13567,534610,17.48,3.67,0.3365,0.918,B,W38-W41,高位平台
2017-09-26,2017,9,39,14.07,4139,3477,662,869,558720,117329,5487105,6274,13314,539132,17.12,3.59,0.3359,0.915,B,W38-W41,高位平台
2017-09-27,2017,9,39,13.77,4051,3403,648,851,562771,118180,5483054,6142,13059,543570,16.75,3.52,0.3352,0.913,B,W38-W41,高位平台
2017-09-28,2017,9,39,13.48,3966,3331,635,833,566737,119013,5479088,6013,12801,547923,16.40,3.44,0.3349,0.911,B,W38-W41,高位平台
2017-09-29,2017,9,39,13.19,3881,3260,621,815,570618,119828,5475207,5885,12543,552190,16.05,3.37,0.3346,0.91,B,W38-W41,高位平台
2017-09-30,2017,9,39,12.89,3792,3185,607,796,574410,120624,5471415,5754,12285,556371,15.68,3.29,0.3338,0.907,B,W38-W41,高位平台
2017-10-01,2017,10,39,12.58,3701,3109,592,777,578111,121401,5467714,5619,12026,560466,15.30,3.21,0.3329,0.904,B,W38-W41,高位平台
2017-10-02,2017,10,40,12.28,3613,3035,578,759,581724,122160,5464101,5486,11763,564475,14.94,3.14,0.3322,0.901,B,W38-W41,高位平台
2017-10-03,2017,10,40,11.99,3527,2963,564,741,585251,122901,5460574,5356,11500,568396,14.58,3.06,0.3317,0.899,B,W38-W41,高位平台
2017-10-04,2017,10,40,11.68,3436,2886,550,722,588687,123623,5457138,5221,11237,572229,14.21,2.99,0.3308,0.896,B,W38-W41,高位平台
2017-10-05,2017,10,40,11.37,3345,2810,535,702,592032,124325,5453793,5085,10972,575975,13.83,2.90,0.3298,0.893,B,W38-W41,高位平台
2017-10-06,2017,10,40,11.07,3257,2736,521,684,595289,125009,5450536,4952,10705,579632,13.47,2.83,0.3291,0.891,B,W38-W41,高位平台
2017-10-07,2017,10,40,10.77,3169,2662,507,666,598458,125675,5447367,4820,10438,583200,13.10,2.75,0.3284,0.888,B,W38-W41,爬升期
2017-10-08,2017,10,40,10.46,3077,2585,492,646,601535,126321,5444290,4684,10172,586680,12.72,2.67,0.3272,0.884,B,W38-W41,爬升期
2017-10-09,2017,10,41,10.14,2983,2506,477,626,604518,126947,5441307,4544,9904,590070,12.33,2.59,0.3257,0.88,B,W38-W41,爬升期
2017-10-10,2017,10,41,10.04,2954,2481,473,620,607472,127567,5438353,4469,9632,593371,12.22,2.56,0.3314,0.895,B,W41-W43,爬升期
2017-10-11,2017,10,41,9.92,2918,2451,467,613,610390,128180,5435435,4408,9400,596582,12.07,2.53,0.3368,0.909,B,W41-W43,爬升期
2017-10-12,2017,10,41,9.81,2886,2424,462,606,613276,128786,5432549,4355,9205,599715,11.93,2.51,0.3415,0.921,B,W41-W43,爬升期
2017-10-13,2017,10,41,9.70,2854,2397,457,599,616130,129385,5429695,4306,9040,602784,11.80,2.48,0.345,0.93,B,W41-W43,爬升期
2017-10-14,2017,10,41,9.59,2821,2370,451,592,618951,129977,5426874,4256,8897,605797,11.67,2.45,0.3475,0.936,B,W41-W43,爬升期
2017-10-15,2017,10,41,9.47,2786,2340,446,585,621737,130562,5424088,4205,8769,608763,11.52,2.42,0.3488,0.939,B,W41-W43,爬升期
2017-10-16,2017,10,42,9.37,2757,2316,441,579,624494,131141,5421331,4159,8649,611686,11.40,2.39,0.3504,0.943,B,W41-W43,爬升期
2017-10-17,2017,10,42,9.26,2724,2288,436,572,627218,131713,5418607,4110,8539,614569,11.26,2.37,0.3512,0.945,B,W41-W43,爬升期
2017-10-18,2017,10,42,9.14,2689,2259,430,565,629907,132278,5415918,4059,8432,617415,11.12,2.34,0.3514,0.945,B,W41-W43,爬升期
2017-10-19,2017,10,42,9.04,2660,2234,426,558,632567,132836,5413258,4013,8328,620226,11.00,2.31,0.3521,0.946,B,W41-W43,爬升期
2017-10-20,2017,10,42,8.92,2624,2204,420,551,635191,133387,5410634,3962,8227,623002,10.85,2.28,0.3519,0.945,B,W41-W43,爬升期
2017-10-21,2017,10,42,8.81,2592,2177,415,544,637783,133931,5408042,3913,8126,625745,10.72,2.25,0.352,0.945,B,W41-W43,爬升期
2017-10-22,2017,10,42,8.70,2560,2150,410,538,640343,134469,5405482,3864,8026,628453,10.59,2.22,0.3522,0.945,B,W41-W43,爬升期
2017-10-23,2017,10,43,8.59,2527,2123,404,531,642870,135000,5402955,3815,7927,631128,10.45,2.20,0.3522,0.945,B,W41-W43,爬升期
2017-10-24,2017,10,43,8.52,2507,2106,401,526,645377,135526,5400448,3779,7828,633771,10.37,2.18,0.3539,0.949,B,W43-W46,爬升期
2017-10-25,2017,10,43,8.45,2486,2088,398,522,647863,136048,5397962,3746,7738,636380,10.28,2.16,0.3555,0.953,B,W43-W46,爬升期
2017-10-26,2017,10,43,8.38,2465,2071,394,518,650328,136566,5395497,3714,7655,638959,10.19,2.14,0.3568,0.956,B,W43-W46,爬升期
2017-10-27,2017,10,43,8.31,2445,2054,391,514,652773,137080,5393052,3683,7579,641511,10.11,2.13,0.3579,0.958,B,W43-W46,爬升期
2017-10-28,2017,10,43,8.24,2424,2036,388,509,655197,137589,5390628,3652,7508,644037,10.02,2.10,0.3585,0.959,B,W43-W46,爬升期
2017-10-29,2017,10,43,8.16,2401,2017,384,504,657598,138093,5388227,3618,7440,646540,9.93,2.08,0.3587,0.959,B,W43-W46,爬升期
2017-10-30,2017,10,44,8.09,2380,1999,381,500,659978,138593,5385847,3586,7372,649020,9.84,2.07,0.3589,0.96,B,W43-W46,爬升期
2017-10-31,2017,10,44,8.01,2357,1980,377,495,662335,139088,5383490,3552,7305,651477,9.75,2.05,0.3589,0.959,B,W43-W46,爬升期
2017-11-01,2017,11,44,7.94,2336,1962,374,490,664671,139578,5381154,3520,7238,653912,9.66,2.03,0.3591,0.959,B,W43-W46,爬升期
2017-11-02,2017,11,44,7.87,2315,1945,370,486,666986,140064,5378839,3488,7172,656325,9.57,2.01,0.3593,0.959,B,W43-W46,爬升期
2017-11-03,2017,11,44,7.79,2292,1925,367,481,669278,140545,5376547,3455,7107,658716,9.48,1.99,0.3592,0.959,B,W43-W46,爬升期
2017-11-04,2017,11,44,7.72,2271,1908,363,477,671549,141022,5374276,3423,7041,661085,9.39,1.97,0.3593,0.959,B,W43-W46,爬升期
2017-11-05,2017,11,44,7.65,2251,1891,360,473,673800,141495,5372025,3392,6976,663432,9.31,1.96,0.3596,0.959,B,W43-W46,爬升期
2017-11-06,2017,11,45,7.57,2227,1871,356,468,676027,141963,5369798,3358,6912,665758,9.21,1.94,0.3593,0.958,B,W43-W46,爬升期
2017-11-07,2017,11,45,7.50,2207,1854,353,464,678234,142427,5367591,3326,6846,668061,9.13,1.92,0.3595,0.958,B,W43-W46,爬升期
2017-11-08,2017,11,45,7.41,2180,1831,349,458,680414,142885,5365411,3289,6782,670344,9.01,1.89,0.3587,0.955,B,W43-W46,爬升期
2017-11-09,2017,11,45,7.34,2159,1814,345,454,682573,143339,5363252,3255,6714,672604,8.93,1.88,0.3587,0.955,B,W43-W46,爬升期
2017-11-10,2017,11,45,7.26,2136,1794,342,448,684709,143787,5361116,3221,6646,674842,8.83,1.85,0.3587,0.954,B,W43-W46,爬升期
2017-11-11,2017,11,45,7.18,2112,1774,338,444,686821,144231,5359004,3186,6578,677057,8.73,1.84,0.3584,0.953,B,W43-W46,爬升期
2017-11-12,2017,11,45,7.11,2092,1757,335,439,688913,144670,5356912,3154,6509,679250,8.65,1.82,0.3588,0.954,B,W43-W46,爬升期
2017-11-13,2017,11,46,7.03,2068,1737,331,434,690981,145104,5354844,3119,6442,681420,8.55,1.79,0.3586,0.953,B,W43-W46,爬升期
2017-11-14,2017,11,46,7.13,2098,1762,336,440,693079,145544,5352746,3138,6374,683567,8.68,1.82,0.3677,0.977,B,W46-W47,爬升期
2017-11-15,2017,11,46,7.18,2112,1774,338,444,695191,145988,5350634,3158,6341,685692,8.73,1.84,0.3742,0.994,B,W46-W47,爬升期
2017-11-16,2017,11,46,7.19,2115,1777,338,444,697306,146432,5348519,3168,6333,687806,8.75,1.84,0.3769,1.001,B,W46-W47,爬升期
2017-11-17,2017,11,46,7.14,2101,1765,336,441,699407,146873,5346418,3157,6334,689916,8.69,1.82,0.375,0.995,B,W46-W47,爬升期
2017-11-18,2017,11,46,7.06,2077,1745,332,436,701484,147309,5344341,3129,6327,692028,8.59,1.80,0.3708,0.984,B,W46-W47,爬升期
2017-11-19,2017,11,46,6.93,2039,1713,326,428,703523,147737,5342302,3082,6304,694137,8.43,1.77,0.3646,0.967,B,W46-W47,爬升期
2017-11-20,2017,11,47,6.76,1989,1671,318,418,705512,148155,5340313,3016,6258,696238,8.22,1.73,0.3571,0.947,B,W46-W47,爬升期
2017-11-21,2017,11,47,6.51,1915,1609,306,402,707427,148557,5338398,2920,6183,698324,7.92,1.66,0.3465,0.918,D,尾部衰减,尾部衰减
2017-11-22,2017,11,47,6.15,1809,1520,289,380,709236,148937,5336589,2782,6069,700385,7.48,1.57,0.3314,0.878,D,尾部衰减,尾部衰减
2017-11-23,2017,11,47,5.74,1689,1419,270,355,710925,149292,5334900,2616,5901,702408,6.98,1.47,0.3153,0.835,D,尾部衰减,尾部衰减
2017-11-24,2017,11,47,5.32,1565,1315,250,329,712490,149621,5333335,2437,5678,704375,6.47,1.36,0.3006,0.796,D,尾部衰减,尾部衰减
2017-11-25,2017,11,47,4.89,1439,1209,230,302,713929,149923,5331896,2251,5410,706267,5.95,1.25,0.2873,0.76,D,尾部衰减,尾部衰减
2017-11-26,2017,11,47,4.47,1315,1105,210,276,715244,150199,5330581,2065,5108,708071,5.44,1.14,0.2756,0.729,D,尾部衰减,尾部衰减
2017-11-27,2017,11,48,4.06,1194,1003,191,251,716438,150450,5329387,1882,4782,709773,4.94,1.04,0.2651,0.701,D,尾部衰减,尾部衰减
2017-11-28,2017,11,48,3.67,1080,907,173,227,717518,150677,5328307,1707,4443,711367,4.47,0.94,0.2562,0.678,D,尾部衰减,尾部衰减
2017-11-29,2017,11,48,3.30,971,816,155,204,718489,150881,5327336,1540,4100,712848,4.02,0.84,0.248,0.656,D,尾部衰减,尾部衰减
2017-11-30,2017,11,48,2.96,871,732,139,183,719360,151064,5326465,1384,3760,714215,3.60,0.76,0.2411,0.637,D,尾部衰减,尾部衰减
2017-12-01,2017,12,48,2.64,777,653,124,163,720137,151227,5325688,1238,3430,715469,3.21,0.67,0.2345,0.62,D,尾部衰减,尾部衰减
2017-12-02,2017,12,48,2.35,691,580,111,145,720828,151372,5324997,1104,3112,716612,2.86,0.60,0.2287,0.604,D,尾部衰减,尾部衰减
2017-12-03,2017,12,48,2.08,612,514,98,128,721440,151500,5324385,980,2811,717649,2.53,0.53,0.2233,0.59,D,尾部衰减,尾部衰减
2017-12-04,2017,12,49,1.84,541,454,87,114,721981,151614,5323844,868,2527,718586,2.24,0.47,0.2186,0.577,D,尾部衰减,尾部衰减
2017-12-05,2017,12,49,1.62,477,401,76,100,722458,151714,5323367,766,2263,719429,1.97,0.41,0.2144,0.566,D,尾部衰减,尾部衰减
2017-12-06,2017,12,49,1.42,418,351,67,88,722876,151802,5322949,673,2020,720183,1.73,0.36,0.2098,0.554,D,尾部衰减,尾部衰减
2017-12-07,2017,12,49,1.25,368,309,59,77,723244,151879,5322581,592,1795,720856,1.52,0.32,0.207,0.547,D,尾部衰减,尾部衰减
2017-12-08,2017,12,49,1.09,321,270,51,68,723565,151947,5322260,518,1592,721455,1.33,0.28,0.2031,0.536,D,尾部衰减,尾部衰减
2017-12-09,2017,12,49,0.95,279,234,45,58,723844,152005,5321981,452,1407,721985,1.15,0.24,0.1991,0.526,D,尾部衰减,尾部衰减
2017-12-10,2017,12,49,0.83,244,205,39,51,724088,152056,5321737,395,1239,722454,1.01,0.21,0.197,0.52,D,尾部衰减,尾部衰减
2017-12-11,2017,12,50,0.71,209,176,33,44,724297,152100,5321528,341,1089,722867,0.86,0.18,0.1916,0.506,D,尾部衰减,尾部衰减
2017-12-12,2017,12,50,0.62,182,153,29,38,724479,152138,5321346,296,953,723230,0.75,0.16,0.1898,0.501,D,尾部衰减,尾部衰减
2017-12-13,2017,12,50,0.53,156,131,25,33,724635,152171,5321190,255,832,723548,0.65,0.14,0.186,0.491,D,尾部衰减,尾部衰减
2017-12-14,2017,12,50,0.46,135,113,22,28,724770,152199,5321055,220,725,723826,0.56,0.12,0.1843,0.487,D,尾部衰减,尾部衰减
2017-12-15,2017,12,50,0.39,115,97,18,24,724885,152223,5320940,188,630,724067,0.48,0.10,0.1803,0.476,D,尾部衰减,尾部衰减
2017-12-16,2017,12,50,0.34,100,84,16,21,724985,152244,5320840,163,545,724277,0.41,0.09,0.1805,0.476,D,尾部衰减,尾部衰减
2017-12-17,2017,12,50,0.29,85,71,14,18,725070,152262,5320755,139,472,724459,0.35,0.07,0.1771,0.468,D,尾部衰减,尾部衰减
2017-12-18,2017,12,51,0.25,74,62,12,16,725144,152278,5320681,120,408,724616,0.31,0.07,0.1781,0.47,D,尾部衰减,尾部衰减
2017-12-19,2017,12,51,0.21,62,52,10,13,725206,152291,5320619,102,352,724752,0.26,0.05,0.1729,0.456,D,尾部衰减,尾部衰减
2017-12-20,2017,12,51,0.18,53,45,8,11,725259,152302,5320566,87,303,724869,0.22,0.05,0.1711,0.452,D,尾部衰减,尾部衰减
2017-12-21,2017,12,51,0.15,44,37,7,9,725303,152311,5320522,73,260,724970,0.18,0.04,0.1652,0.436,D,尾部衰减,尾部衰减
2017-12-22,2017,12,51,0.13,38,32,6,8,725341,152319,5320484,62,222,725057,0.16,0.03,0.1662,0.439,D,尾部衰减,尾部衰减
2017-12-23,2017,12,51,0.11,32,27,5,7,725373,152326,5320452,53,190,725131,0.13,0.03,0.1639,0.433,D,尾部衰减,尾部衰减
2017-12-24,2017,12,51,0.09,26,22,4,6,725399,152332,5320426,44,162,725194,0.11,0.02,0.1559,0.412,D,尾部衰减,尾部衰减
2017-12-25,2017,12,52,0.08,24,20,4,5,725423,152337,5320402,39,137,725248,0.10,0.02,0.1688,0.446,D,尾部衰减,尾部衰减
2017-12-26,2017,12,52,0.06,18,15,3,4,725441,152341,5320384,31,117,725293,0.07,0.02,0.1496,0.395,D,尾部衰减,尾部衰减
2017-12-27,2017,12,52,0.05,15,13,2,3,725456,152344,5320369,25,98,725332,0.06,0.01,0.1459,0.385,D,尾部衰减,尾部衰减
2017-12-28,2017,12,52,0.04,12,10,2,2,725468,152346,5320357,20,82,725365,0.05,0.01,0.1385,0.366,D,尾部衰减,尾部衰减
2017-12-29,2017,12,52,0.04,12,10,2,2,725480,152348,5320345,19,69,725393,0.05,0.01,0.1653,0.436,D,尾部衰减,尾部衰减
2017-12-30,2017,12,52,0.03,9,8,1,2,725489,152350,5320336,15,58,725415,0.04,0.01,0.1491,0.394,D,尾部衰减,尾部衰减
2017-12-31,2017,12,52,0.02,10,8,2,2,725499,152352,5320326,15,49,725435,0.04,0.01,0.195,0.515,D,尾部衰减,尾部衰减
